WARD,month,permits
1,2007-12,1
1,2008-01,1
1,2008-03,7
1,2008-04,5
1,2008-05,3
1,2008-06,5
1,2008-07,3
1,2008-08,3
1,2008-09,7
1,2008-10,7
1,2008-11,3
1,2008-12,4
1,2009-01,4
1,2009-02,3
1,2009-03,4
1,2009-04,3
1,2009-07,1
1,2009-08,4
1,2009-09,1
1,2009-10,3
1,2009-11,2
1,2009-12,3
1,2010-01,2
1,2010-02,3
1,2010-03,3
1,2010-04,5
1,2010-05,1
1,2010-06,2
1,2010-07,1
1,2010-08,5
1,2010-09,2
1,2010-10,10
1,2010-11,5
1,2010-12,1
1,2011-01,3
1,2011-02,2
1,2011-03,4
1,2011-04,1
1,2011-05,6
1,2011-06,4
1,2011-07,7
1,2011-08,5
1,2011-09,7
1,2011-10,3
1,2011-11,8
1,2011-12,7
1,2012-01,5
1,2012-02,3
1,2012-03,8
1,2012-04,5
1,2012-05,10
1,2012-06,6
1,2012-07,9
1,2012-08,7
1,2012-09,7
1,2012-10,5
1,2012-11,4
1,2012-12,10
1,2013-01,9
1,2013-02,7
1,2013-03,14
1,2013-04,10
1,2013-05,11
1,2013-06,8
1,2013-07,10
1,2013-08,10
1,2013-09,13
1,2013-10,12
1,2013-11,10
1,2013-12,14
1,2014-01,8
1,2014-02,6
1,2014-03,14
1,2014-04,9
1,2014-05,11
1,2014-06,7
1,2014-07,14
1,2014-08,15
1,2014-09,14
1,2014-10,16
1,2014-11,8
1,2014-12,9
1,2015-01,5
1,2015-02,7
1,2015-03,6
1,2015-04,11
1,2015-05,15
1,2015-06,5
1,2015-07,7
1,2015-08,22
1,2015-09,15
1,2015-10,18
1,2015-11,7
1,2015-12,6
1,2016-01,7
1,2016-02,9
1,2016-03,12
1,2016-04,10
1,2016-05,15
1,2016-06,11
1,2016-07,11
1,2016-08,13
1,2016-09,23
1,2016-10,16
1,2016-11,8
1,2016-12,5
1,2017-01,8
1,2017-02,4
1,2017-03,20
1,2017-04,16
1,2017-05,1
1,2017-06,9
1,2017-07,10
1,2017-08,16
1,2017-09,16
1,2017-10,15
1,2017-11,12
1,2017-12,9
1,2018-01,7
1,2018-02,12
1,2018-03,14
1,2018-04,6
1,2018-05,12
1,2018-06,7
1,2018-07,12
1,2018-08,9
1,2018-09,15
1,2018-10,8
1,2018-11,10
1,2018-12,4
1,2019-01,4
1,2019-02,6
1,2019-03,9
1,2019-04,5
1,2019-05,13
1,2019-06,7
1,2019-07,9
1,2019-08,4
1,2019-09,6
1,2019-10,9
1,2019-11,10
1,2019-12,1
1,2020-01,5
1,2020-02,1
1,2020-03,1
1,2020-04,5
1,2020-05,4
1,2020-06,5
1,2020-07,6
1,2020-08,7
1,2020-09,8
1,2020-10,8
1,2020-11,3
1,2020-12,4
1,2021-01,6
1,2021-02,5
1,2021-03,3
1,2021-04,5
2,2007-12,1
2,2008-01,2
2,2008-03,1
2,2008-04,5
2,2008-05,3
2,2008-06,10
2,2008-07,11
2,2008-08,10
2,2008-09,6
2,2008-10,9
2,2008-11,7
2,2008-12,4
2,2009-01,1
2,2009-02,5
2,2009-03,3
2,2009-05,7
2,2009-06,24
2,2009-07,7
2,2009-08,2
2,2009-09,16
2,2009-10,1
2,2009-11,3
2,2009-12,2
2,2010-01,1
2,2010-02,1
2,2010-04,2
2,2010-05,24
2,2010-06,16
2,2010-07,6
2,2010-08,3
2,2010-09,6
2,2010-11,1
2,2011-01,2
2,2011-04,1
2,2011-05,4
2,2011-06,3
2,2011-07,4
2,2011-08,5
2,2011-09,4
2,2011-10,2
2,2011-11,4
2,2011-12,3
2,2012-01,1
2,2012-02,2
2,2012-03,1
2,2012-04,6
2,2012-05,7
2,2012-06,6
2,2012-07,5
2,2012-08,8
2,2012-09,4
2,2012-10,6
2,2012-11,2
2,2012-12,2
2,2013-01,1
2,2013-02,5
2,2013-03,5
2,2013-04,4
2,2013-05,17
2,2013-06,8
2,2013-07,5
2,2013-08,8
2,2013-09,8
2,2013-10,5
2,2013-11,2
2,2013-12,7
2,2014-01,10
2,2014-02,5
2,2014-03,6
2,2014-04,10
2,2014-05,13
2,2014-06,12
2,2014-07,9
2,2014-08,11
2,2014-09,12
2,2014-10,10
2,2014-11,5
2,2014-12,4
2,2015-01,2
2,2015-02,3
2,2015-03,7
2,2015-04,16
2,2015-05,16
2,2015-06,6
2,2015-07,8
2,2015-08,12
2,2015-09,4
2,2015-10,7
2,2015-11,7
2,2015-12,6
2,2016-01,4
2,2016-02,4
2,2016-03,3
2,2016-04,4
2,2016-05,12
2,2016-06,5
2,2016-07,4
2,2016-08,2
2,2016-09,7
2,2016-10,4
2,2016-11,8
2,2016-12,7
2,2017-01,3
2,2017-02,7
2,2017-03,1
2,2017-04,5
2,2017-05,5
2,2017-06,6
2,2017-07,4
2,2017-08,12
2,2017-09,3
2,2017-10,2
2,2017-11,3
2,2017-12,5
2,2018-01,1
2,2018-02,1
2,2018-03,6
2,2018-04,9
2,2018-05,8
2,2018-06,3
2,2018-07,14
2,2018-08,13
2,2018-09,8
2,2018-10,4
2,2018-11,8
2,2018-12,6
2,2019-01,6
2,2019-02,1
2,2019-03,3
2,2019-04,2
2,2019-05,5
2,2019-06,3
2,2019-07,4
2,2019-08,5
2,2019-09,6
2,2019-10,7
2,2019-11,3
2,2019-12,4
2,2020-01,1
2,2020-02,3
2,2020-03,3
2,2020-04,3
2,2020-05,2
2,2020-06,2
2,2020-08,4
2,2020-09,3
2,2020-10,3
2,2020-11,1
2,2020-12,1
2,2021-01,3
2,2021-02,2
2,2021-03,4
2,2021-04,1
3,2007-12,20
3,2008-02,1
3,2008-03,2
3,2008-04,7
3,2008-07,2
3,2008-08,2
3,2008-09,1
3,2008-10,3
3,2008-11,1
3,2008-12,1
3,2009-01,2
3,2009-02,1
3,2009-04,1
3,2009-06,7
3,2009-07,19
3,2009-08,1
3,2009-09,1
3,2009-10,2
3,2010-01,1
3,2010-02,4
3,2010-04,1
3,2010-05,1
3,2010-06,3
3,2010-07,1
3,2010-09,1
3,2010-10,1
3,2010-11,1
3,2011-04,1
3,2011-06,8
3,2011-07,1
3,2011-09,1
3,2011-12,1
3,2012-03,2
3,2012-05,1
3,2012-07,1
3,2012-08,1
3,2012-10,1
3,2013-01,5
3,2013-02,1
3,2013-03,4
3,2013-04,3
3,2013-05,7
3,2013-06,2
3,2013-08,1
3,2013-09,4
3,2013-10,4
3,2013-11,1
3,2014-02,14
3,2014-03,2
3,2014-04,4
3,2014-05,1
3,2014-06,7
3,2014-07,2
3,2014-09,2
3,2014-10,1
3,2014-11,1
3,2014-12,1
3,2015-01,1
3,2015-02,3
3,2015-03,2
3,2015-04,2
3,2015-05,2
3,2015-07,2
3,2015-08,2
3,2015-09,6
3,2015-10,3
3,2015-11,2
3,2015-12,3
3,2016-01,1
3,2016-02,8
3,2016-03,14
3,2016-05,6
3,2016-06,5
3,2016-07,2
3,2016-08,4
3,2016-09,3
3,2016-10,8
3,2016-11,5
3,2016-12,6
3,2017-01,4
3,2017-02,6
3,2017-03,4
3,2017-04,5
3,2017-05,6
3,2017-06,9
3,2017-07,5
3,2017-08,10
3,2017-09,6
3,2017-10,2
3,2017-11,3
3,2017-12,5
3,2018-01,2
3,2018-02,4
3,2018-03,11
3,2018-04,4
3,2018-05,10
3,2018-06,7
3,2018-07,10
3,2018-08,10
3,2018-09,5
3,2018-10,5
3,2018-11,4
3,2018-12,1
3,2019-01,4
3,2019-02,2
3,2019-03,2
3,2019-04,8
3,2019-05,12
3,2019-06,6
3,2019-07,4
3,2019-08,7
3,2019-09,7
3,2019-10,6
3,2019-11,5
3,2019-12,3
3,2020-01,1
3,2020-02,2
3,2020-04,4
3,2020-05,4
3,2020-06,2
3,2020-07,3
3,2020-08,4
3,2020-09,3
3,2020-10,6
3,2020-11,3
3,2020-12,3
3,2021-01,4
3,2021-02,6
3,2021-03,2
3,2021-04,2
4,2007-08,1
4,2008-04,1
4,2008-05,1
4,2008-06,2
4,2008-07,2
4,2008-08,3
4,2008-09,3
4,2008-11,1
4,2008-12,2
4,2009-01,1
4,2009-03,7
4,2009-08,2
4,2009-09,1
4,2009-10,1
4,2009-11,1
4,2010-01,1
4,2010-03,1
4,2010-06,2
4,2010-07,2
4,2010-08,1
4,2010-09,2
4,2010-10,1
4,2011-01,1
4,2011-03,2
4,2011-04,1
4,2011-06,3
4,2011-08,1
4,2011-09,2
4,2011-12,3
4,2012-03,1
4,2012-05,5
4,2012-06,14
4,2012-07,2
4,2012-08,2
4,2012-10,7
4,2012-11,2
4,2013-02,5
4,2013-03,1
4,2013-06,2
4,2013-09,4
4,2013-10,1
4,2013-11,1
4,2013-12,2
4,2014-02,2
4,2014-03,3
4,2014-04,1
4,2014-05,2
4,2014-06,8
4,2014-07,3
4,2014-08,6
4,2014-09,2
4,2014-10,8
4,2014-11,2
4,2015-01,1
4,2015-02,4
4,2015-03,3
4,2015-04,2
4,2015-05,8
4,2015-06,10
4,2015-07,11
4,2015-08,6
4,2015-09,10
4,2015-10,9
4,2015-11,5
4,2015-12,5
4,2016-02,1
4,2016-03,2
4,2016-04,5
4,2016-05,13
4,2016-06,19
4,2016-07,7
4,2016-08,14
4,2016-09,10
4,2016-10,11
4,2016-11,5
4,2016-12,4
4,2017-01,3
4,2017-02,3
4,2017-03,13
4,2017-04,10
4,2017-05,10
4,2017-06,13
4,2017-07,12
4,2017-08,7
4,2017-09,16
4,2017-10,9
4,2017-11,12
4,2018-01,2
4,2018-02,1
4,2018-03,4
4,2018-04,11
4,2018-05,14
4,2018-06,20
4,2018-07,8
4,2018-08,18
4,2018-09,10
4,2018-10,7
4,2018-11,2
4,2018-12,5
4,2019-01,2
4,2019-02,5
4,2019-03,1
4,2019-04,10
4,2019-05,18
4,2019-06,16
4,2019-07,6
4,2019-08,11
4,2019-09,6
4,2019-10,11
4,2019-11,6
4,2019-12,1
4,2020-01,6
4,2020-02,2
4,2020-03,4
4,2020-04,5
4,2020-05,1
4,2020-07,7
4,2020-08,4
4,2020-09,4
4,2020-10,1
4,2020-11,2
4,2020-12,3
4,2021-03,2
4,2021-04,3
5,2008-04,5
5,2008-05,1
5,2008-06,4
5,2008-07,2
5,2008-09,3
5,2008-10,4
5,2008-11,6
5,2009-02,1
5,2009-03,5
5,2009-04,2
5,2009-05,2
5,2009-06,5
5,2009-07,1
5,2009-08,1
5,2009-09,2
5,2009-10,5
5,2009-11,1
5,2009-12,4
5,2010-01,1
5,2010-03,2
5,2010-05,2
5,2010-06,7
5,2010-07,1
5,2010-08,1
5,2010-09,3
5,2010-10,4
5,2011-05,2
5,2011-06,1
5,2011-07,4
5,2011-08,3
5,2011-09,1
5,2011-10,3
5,2012-02,1
5,2012-04,1
5,2012-05,3
5,2012-06,2
5,2012-07,2
5,2012-08,1
5,2012-09,4
5,2012-10,5
5,2012-11,1
5,2013-02,1
5,2013-03,1
5,2013-05,6
5,2013-06,2
5,2013-07,1
5,2013-08,2
5,2013-09,4
5,2013-10,3
5,2013-11,2
5,2013-12,1
5,2014-01,2
5,2014-02,1
5,2014-03,1
5,2014-04,2
5,2014-05,5
5,2014-06,7
5,2014-07,4
5,2014-08,5
5,2014-09,2
5,2014-10,5
5,2014-11,1
5,2014-12,1
5,2015-01,2
5,2015-02,1
5,2015-04,1
5,2015-05,4
5,2015-06,8
5,2015-07,1
5,2015-08,4
5,2015-09,6
5,2015-10,4
5,2015-11,1
5,2015-12,1
5,2016-01,1
5,2016-02,1
5,2016-03,1
5,2016-04,1
5,2016-05,3
5,2016-06,5
5,2016-07,1
5,2016-08,1
5,2016-09,5
5,2016-10,5
5,2016-11,1
5,2016-12,1
5,2017-01,1
5,2017-02,2
5,2017-04,2
5,2017-05,6
5,2017-06,4
5,2017-07,1
5,2017-08,3
5,2017-09,3
5,2017-10,3
5,2018-03,2
5,2018-04,2
5,2018-05,6
5,2018-06,2
5,2018-07,4
5,2018-08,1
5,2018-09,9
5,2018-10,1
5,2018-11,2
5,2018-12,2
5,2019-01,1
5,2019-02,1
5,2019-04,2
5,2019-05,4
5,2019-06,4
5,2019-07,5
5,2019-08,5
5,2019-09,8
5,2019-10,1
5,2019-11,3
5,2020-01,2
5,2020-02,2
5,2020-05,1
5,2020-06,3
5,2020-07,1
5,2020-08,7
5,2020-09,5
5,2020-10,2
5,2020-12,2
5,2021-01,3
5,2021-03,2
6,2007-11,1
6,2008-02,5
6,2008-03,5
6,2008-04,4
6,2008-05,2
6,2008-06,1
6,2008-07,3
6,2008-08,1
6,2008-09,1
6,2008-10,1
6,2008-11,1
6,2009-01,6
6,2009-02,2
6,2009-03,2
6,2009-05,1
6,2009-06,3
6,2009-07,1
6,2009-08,1
6,2010-03,1
6,2010-07,1
6,2010-10,1
6,2011-02,1
6,2011-04,2
6,2011-06,1
6,2011-08,2
6,2011-10,2
6,2011-12,1
6,2012-02,1
6,2012-06,1
6,2012-09,1
6,2013-01,1
6,2014-10,2
6,2015-10,1
6,2016-12,1
6,2017-03,1
6,2017-05,1
6,2017-06,1
6,2017-08,1
6,2017-10,2
6,2017-11,2
6,2018-02,1
6,2018-04,1
6,2018-05,2
6,2018-06,1
6,2018-07,1
6,2018-08,1
6,2018-09,1
6,2018-11,1
6,2018-12,1
6,2019-02,1
6,2019-03,2
6,2019-07,2
6,2019-08,2
6,2020-06,1
6,2020-07,1
6,2020-08,2
6,2021-01,1
7,2008-04,1
7,2008-08,2
7,2008-09,1
7,2008-10,1
7,2008-11,1
7,2008-12,1
7,2009-05,1
7,2009-06,1
7,2009-09,1
7,2009-10,1
7,2009-12,1
7,2010-02,2
7,2010-11,2
7,2011-07,1
7,2012-06,1
7,2013-04,1
7,2013-10,1
7,2014-05,1
7,2014-10,1
7,2015-05,1
7,2015-08,1
7,2016-03,1
7,2016-04,1
7,2017-01,1
7,2017-02,1
7,2017-04,1
7,2019-05,1
7,2019-12,1
7,2020-02,2
7,2020-03,1
7,2020-07,1
8,2008-03,3
8,2008-06,3
8,2008-07,1
8,2008-08,2
8,2008-09,3
8,2008-10,6
8,2008-11,3
8,2008-12,1
8,2009-02,1
8,2009-03,1
8,2010-03,2
8,2010-08,1
8,2011-03,1
8,2011-07,1
8,2011-08,1
8,2011-09,1
8,2011-10,1
8,2011-11,1
8,2011-12,1
8,2012-03,1
8,2012-04,1
8,2012-07,2
8,2012-09,1
8,2013-01,1
8,2013-05,1
8,2013-06,1
8,2013-08,2
8,2013-11,1
8,2014-09,1
8,2015-04,1
8,2015-08,1
8,2015-11,2
8,2015-12,1
8,2016-02,1
8,2016-05,1
8,2016-09,1
8,2016-10,1
8,2017-05,1
8,2017-06,2
8,2017-08,2
8,2017-11,1
8,2018-09,1
8,2018-11,1
8,2018-12,1
8,2019-03,1
8,2019-05,1
8,2019-08,1
8,2019-12,1
8,2020-03,2
8,2020-06,1
8,2021-03,1
9,2008-05,3
9,2008-08,1
9,2008-12,2
9,2009-05,1
9,2009-10,2
9,2010-05,1
9,2010-08,1
9,2010-09,1
9,2010-11,1
9,2011-07,1
9,2011-09,2
9,2011-12,2
9,2012-06,2
9,2012-09,2
9,2013-04,2
9,2013-07,1
9,2013-09,1
9,2013-10,1
9,2013-12,2
9,2014-10,1
9,2015-09,1
9,2017-02,1
9,2017-03,1
9,2017-08,1
9,2018-02,1
9,2018-03,1
9,2018-09,1
9,2018-11,1
9,2018-12,1
9,2019-08,2
9,2019-09,1
9,2019-12,1
9,2020-03,1
9,2020-04,1
9,2020-06,1
9,2020-10,1
9,2021-01,1
9,2021-03,1
10,2008-03,4
10,2008-04,4
10,2008-05,4
10,2008-06,2
10,2008-07,2
10,2008-09,1
10,2008-10,3
10,2008-11,3
10,2008-12,1
10,2009-01,1
10,2009-05,1
10,2009-06,1
10,2009-07,1
10,2009-10,1
10,2010-02,1
10,2010-06,2
10,2010-08,2
10,2010-10,4
10,2011-01,1
10,2011-04,2
10,2011-06,2
10,2011-08,6
10,2012-03,1
10,2012-05,1
10,2012-08,1
10,2012-09,1
10,2012-10,2
10,2012-12,2
10,2013-05,2
10,2013-06,1
10,2013-09,1
10,2014-05,1
10,2014-06,1
10,2014-08,1
10,2014-12,1
10,2015-01,1
10,2015-02,1
10,2015-03,1
10,2015-05,2
10,2015-07,1
10,2015-11,1
10,2015-12,1
10,2016-04,2
10,2016-05,2
10,2016-08,2
10,2016-09,2
10,2016-10,2
10,2016-11,1
10,2016-12,2
10,2017-01,2
10,2017-03,2
10,2017-05,1
10,2017-08,1
10,2017-09,3
10,2017-10,1
10,2017-12,1
10,2018-03,1
10,2018-08,3
10,2019-02,1
10,2019-03,1
10,2019-07,1
10,2019-08,4
10,2019-10,2
10,2020-02,2
10,2020-03,1
10,2020-05,1
10,2020-06,2
10,2020-08,1
10,2020-09,3
10,2020-10,1
10,2020-12,6
10,2021-01,1
10,2021-03,1
11,2007-08,1
11,2008-03,4
11,2008-04,9
11,2008-05,10
11,2008-06,1
11,2008-07,3
11,2008-08,5
11,2008-09,3
11,2008-10,5
11,2008-12,3
11,2009-01,2
11,2009-03,4
11,2009-05,4
11,2009-06,5
11,2009-07,1
11,2009-09,7
11,2009-10,2
11,2009-11,2
11,2009-12,3
11,2010-01,4
11,2010-02,2
11,2010-03,2
11,2010-04,4
11,2010-05,2
11,2010-07,4
11,2010-08,2
11,2010-09,3
11,2010-10,4
11,2010-11,7
11,2010-12,3
11,2011-01,2
11,2011-02,1
11,2011-03,1
11,2011-04,3
11,2011-05,1
11,2011-06,3
11,2011-07,15
11,2011-08,1
11,2011-09,6
11,2011-10,7
11,2011-11,3
11,2012-01,2
11,2012-03,3
11,2012-04,12
11,2012-05,3
11,2012-06,3
11,2012-07,3
11,2012-08,1
11,2012-09,4
11,2012-10,6
11,2012-11,4
11,2012-12,4
11,2013-01,5
11,2013-02,4
11,2013-03,5
11,2013-04,12
11,2013-05,10
11,2013-06,10
11,2013-07,10
11,2013-08,6
11,2013-09,10
11,2013-10,3
11,2013-11,3
11,2013-12,7
11,2014-01,5
11,2014-02,6
11,2014-03,1
11,2014-04,8
11,2014-05,9
11,2014-06,3
11,2014-07,6
11,2014-08,9
11,2014-09,16
11,2014-10,11
11,2014-11,5
11,2014-12,3
11,2015-01,3
11,2015-02,8
11,2015-03,14
11,2015-04,12
11,2015-05,3
11,2015-06,7
11,2015-07,7
11,2015-08,4
11,2015-09,13
11,2015-10,7
11,2015-11,5
11,2015-12,3
11,2016-02,2
11,2016-03,6
11,2016-04,5
11,2016-05,5
11,2016-06,10
11,2016-07,8
11,2016-08,8
11,2016-09,10
11,2016-10,5
11,2016-11,6
11,2016-12,8
11,2017-01,5
11,2017-02,2
11,2017-03,7
11,2017-04,5
11,2017-05,3
11,2017-06,17
11,2017-07,10
11,2017-08,8
11,2017-09,11
11,2017-10,8
11,2017-11,11
11,2017-12,7
11,2018-01,4
11,2018-02,6
11,2018-03,3
11,2018-04,4
11,2018-05,4
11,2018-06,6
11,2018-07,9
11,2018-08,12
11,2018-09,6
11,2018-10,13
11,2018-11,5
11,2018-12,4
11,2019-01,6
11,2019-02,3
11,2019-03,4
11,2019-04,7
11,2019-05,4
11,2019-06,5
11,2019-07,10
11,2019-08,6
11,2019-09,9
11,2019-10,7
11,2019-11,2
11,2019-12,4
11,2020-01,2
11,2020-02,7
11,2020-03,4
11,2020-04,3
11,2020-05,3
11,2020-06,2
11,2020-07,4
11,2020-08,3
11,2020-09,10
11,2020-10,6
11,2020-11,5
11,2020-12,1
11,2021-01,4
11,2021-02,4
11,2021-03,6
11,2021-04,2
12,2008-03,1
12,2008-04,1
12,2008-05,1
12,2008-07,3
12,2008-08,1
12,2008-09,2
12,2008-10,2
12,2008-11,2
12,2009-03,1
12,2009-04,1
12,2009-05,1
12,2009-06,1
12,2009-08,1
12,2009-09,1
12,2009-10,1
12,2010-02,1
12,2010-06,4
12,2010-10,1
12,2010-12,2
12,2011-04,2
12,2011-06,3
12,2011-07,1
12,2011-08,1
12,2011-10,2
12,2011-11,1
12,2011-12,3
12,2012-02,1
12,2012-03,1
12,2012-04,2
12,2012-08,1
12,2012-09,3
12,2012-10,1
12,2012-11,1
12,2013-01,1
12,2013-02,2
12,2013-03,2
12,2013-04,4
12,2013-05,2
12,2013-06,2
12,2013-08,3
12,2013-09,1
12,2013-10,3
12,2013-12,2
12,2014-01,4
12,2014-05,2
12,2014-10,3
12,2014-11,1
12,2014-12,2
12,2015-02,1
12,2015-03,1
12,2015-04,6
12,2015-05,2
12,2015-06,3
12,2015-07,2
12,2015-09,7
12,2015-10,8
12,2015-11,2
12,2016-01,1
12,2016-02,5
12,2016-03,1
12,2016-04,1
12,2016-05,7
12,2016-06,2
12,2016-07,1
12,2016-08,1
12,2016-09,18
12,2016-10,1
12,2016-11,3
12,2017-01,1
12,2017-03,1
12,2017-04,5
12,2017-05,4
12,2017-06,2
12,2017-07,6
12,2017-08,4
12,2017-09,17
12,2017-10,9
12,2017-11,3
12,2017-12,1
12,2018-01,2
12,2018-02,1
12,2018-03,2
12,2018-04,3
12,2018-05,4
12,2018-06,2
12,2018-07,3
12,2018-08,2
12,2018-09,2
12,2018-10,1
12,2018-11,2
12,2018-12,1
12,2019-01,1
12,2019-03,1
12,2019-04,4
12,2019-05,1
12,2019-06,1
12,2019-07,3
12,2019-08,4
12,2019-09,3
12,2019-11,1
12,2019-12,2
12,2020-01,2
12,2020-02,3
12,2020-03,3
12,2020-04,1
12,2020-05,1
12,2020-07,3
12,2020-08,1
12,2020-09,2
12,2020-12,1
12,2021-02,1
13,2008-06,1
13,2008-07,1
13,2008-11,3
13,2009-04,1
13,2009-12,1
13,2010-04,2
13,2010-06,1
13,2010-08,1
13,2010-09,1
13,2011-01,1
13,2011-10,1
13,2012-01,1
13,2012-02,1
13,2012-06,1
13,2012-08,2
13,2012-09,1
13,2012-11,1
13,2012-12,1
13,2013-06,1
13,2013-08,2
13,2013-11,1
13,2014-03,1
13,2014-05,1
13,2014-07,1
13,2014-08,1
13,2015-04,1
13,2015-07,3
13,2016-04,1
13,2016-05,1
13,2016-06,1
13,2016-07,4
13,2016-10,1
13,2016-11,2
13,2016-12,1
13,2017-02,1
13,2017-03,1
13,2017-04,1
13,2017-05,1
13,2017-07,1
13,2017-10,1
13,2018-03,1
13,2018-05,1
13,2018-06,1
13,2018-07,1
13,2018-08,1
13,2018-10,1
13,2018-11,1
13,2019-06,1
13,2019-07,1
13,2019-08,1
13,2019-09,1
13,2019-10,1
13,2019-12,1
13,2020-03,1
13,2020-05,1
13,2020-09,1
13,2020-10,1
13,2021-02,1
14,2008-03,4
14,2008-04,3
14,2008-05,2
14,2008-06,1
14,2008-07,4
14,2008-08,1
14,2008-09,1
14,2008-10,2
14,2008-11,2
14,2008-12,2
14,2009-02,1
14,2009-08,1
14,2010-01,1
14,2010-06,2
14,2010-07,1
14,2011-02,3
14,2011-03,1
14,2011-04,1
14,2011-05,1
14,2011-08,2
14,2011-09,1
14,2011-12,1
14,2012-05,1
14,2012-07,1
14,2012-08,1
14,2012-09,1
14,2012-11,1
14,2013-02,1
14,2013-03,2
14,2013-05,1
14,2013-06,1
14,2014-05,1
14,2014-08,2
14,2014-09,1
14,2014-12,2
14,2015-06,1
14,2015-07,3
14,2015-08,1
14,2015-10,4
14,2015-11,11
14,2016-04,2
14,2016-05,1
14,2016-07,2
14,2016-08,2
14,2016-09,1
14,2016-11,3
14,2016-12,1
14,2017-01,2
14,2017-04,2
14,2017-06,1
14,2017-07,3
14,2017-11,2
14,2018-01,1
14,2018-02,1
14,2018-03,1
14,2018-05,3
14,2018-06,3
14,2018-07,3
14,2018-08,1
14,2019-02,1
14,2019-03,1
14,2019-04,2
14,2019-05,1
14,2019-06,1
14,2019-07,2
14,2019-08,2
14,2019-10,1
14,2019-12,2
14,2020-01,2
14,2020-04,2
14,2020-08,1
14,2020-10,1
14,2020-12,1
14,2021-03,1
15,2008-06,1
15,2008-08,2
15,2008-09,1
15,2008-10,1
15,2008-12,1
15,2009-03,1
15,2009-06,1
15,2009-07,2
15,2010-03,3
15,2010-07,1
15,2010-10,1
15,2011-04,1
15,2011-09,2
15,2011-10,1
15,2013-05,1
15,2013-09,2
15,2014-01,2
15,2014-02,1
15,2014-05,1
15,2014-10,1
15,2015-06,1
15,2015-07,1
15,2015-10,1
15,2015-12,1
15,2016-01,1
15,2016-02,1
15,2016-07,1
15,2016-11,1
15,2017-02,1
15,2017-03,3
15,2017-06,2
15,2017-07,1
15,2017-12,1
15,2018-06,2
15,2018-07,2
15,2018-10,1
15,2019-04,2
15,2019-06,1
15,2020-06,1
15,2020-12,2
15,2021-03,2
16,2008-04,2
16,2008-05,1
16,2008-07,1
16,2008-08,4
16,2008-09,2
16,2008-12,1
16,2009-04,1
16,2009-10,1
16,2010-06,1
16,2010-08,1
16,2010-10,1
16,2010-11,1
16,2011-04,1
16,2011-10,1
16,2012-06,1
16,2012-10,1
16,2013-04,10
16,2013-05,1
16,2013-07,1
16,2014-04,1
16,2014-05,1
16,2014-07,1
16,2014-09,1
16,2014-10,1
16,2014-11,2
16,2015-06,1
16,2015-07,1
16,2015-08,1
16,2015-09,1
16,2015-10,1
16,2015-12,1
16,2016-01,1
16,2016-02,3
16,2016-03,1
16,2016-04,1
16,2016-05,1
16,2016-09,1
16,2016-12,1
16,2017-01,1
16,2017-02,1
16,2017-03,1
16,2017-06,2
16,2017-07,1
16,2017-09,1
16,2017-11,1
16,2018-02,1
16,2018-05,3
16,2018-07,1
16,2018-09,1
16,2018-11,1
16,2018-12,1
16,2019-07,1
16,2019-09,2
16,2019-10,16
16,2019-12,1
16,2020-01,1
16,2020-02,1
16,2020-06,4
16,2020-07,1
16,2020-10,1
17,2008-09,2
17,2008-11,1
17,2008-12,1
17,2009-02,2
17,2009-08,1
17,2009-12,1
17,2010-02,1
17,2010-08,1
17,2011-03,1
17,2011-08,2
17,2012-02,1
17,2012-07,1
17,2012-09,1
17,2012-11,1
17,2013-07,1
17,2013-08,2
17,2014-04,1
17,2014-07,1
17,2015-02,1
17,2015-04,1
17,2015-07,1
17,2015-08,1
17,2015-09,2
17,2015-10,1
17,2016-02,1
17,2016-05,1
17,2016-08,5
17,2016-09,1
17,2016-10,1
17,2016-12,1
17,2017-02,1
17,2017-04,1
17,2017-06,1
17,2017-08,2
17,2018-06,2
17,2018-12,1
17,2019-03,1
17,2019-04,1
17,2019-05,1
17,2019-06,1
17,2020-11,1
18,2008-10,1
18,2008-11,1
18,2008-12,1
18,2009-03,1
18,2009-06,1
18,2009-09,1
18,2009-10,1
18,2010-02,1
18,2010-04,1
18,2010-05,3
18,2010-06,1
18,2010-07,1
18,2010-10,1
18,2011-02,1
18,2011-06,1
18,2011-07,1
18,2011-10,1
18,2012-03,1
18,2012-06,1
18,2012-08,1
18,2013-06,1
18,2013-07,1
18,2013-10,1
18,2014-07,1
18,2015-08,1
18,2016-02,1
18,2016-03,2
18,2016-05,2
18,2016-08,1
18,2017-02,1
18,2017-06,1
18,2018-01,1
18,2018-02,1
18,2018-04,1
18,2018-09,2
18,2018-10,2
18,2019-02,1
18,2019-03,1
18,2019-11,2
18,2020-04,1
18,2020-05,3
18,2020-06,2
18,2020-07,2
18,2021-04,1
19,2008-01,1
19,2008-02,1
19,2008-03,4
19,2008-04,1
19,2008-05,1
19,2008-06,1
19,2008-08,1
19,2008-09,1
19,2008-10,1
19,2008-11,2
19,2008-12,1
19,2009-04,1
19,2009-05,2
19,2009-07,2
19,2009-08,1
19,2009-09,2
19,2010-01,1
19,2010-03,3
19,2010-04,1
19,2010-05,1
19,2010-07,2
19,2010-11,1
19,2010-12,2
19,2011-01,1
19,2011-05,1
19,2011-06,1
19,2011-08,1
19,2011-09,2
19,2011-10,1
19,2012-03,1
19,2012-05,1
19,2012-06,7
19,2012-08,2
19,2012-09,1
19,2012-10,1
19,2012-11,1
19,2013-02,1
19,2013-04,1
19,2013-05,1
19,2013-07,1
19,2013-09,1
19,2013-10,2
19,2013-11,1
19,2013-12,2
19,2014-02,1
19,2014-04,1
19,2014-05,1
19,2014-06,1
19,2014-07,2
19,2014-09,4
19,2014-10,6
19,2014-11,1
19,2014-12,2
19,2015-01,1
19,2015-02,2
19,2015-04,1
19,2015-05,3
19,2015-06,2
19,2015-07,2
19,2015-08,1
19,2015-09,6
19,2015-10,4
19,2015-12,2
19,2016-03,2
19,2016-05,1
19,2016-06,1
19,2016-08,3
19,2016-09,4
19,2016-10,1
19,2016-12,2
19,2017-01,2
19,2017-03,1
19,2017-05,2
19,2017-06,1
19,2017-07,2
19,2017-09,3
19,2017-10,1
19,2017-11,1
19,2017-12,1
19,2018-01,1
19,2018-02,1
19,2018-03,1
19,2018-04,1
19,2018-05,2
19,2018-06,1
19,2018-07,5
19,2018-08,1
19,2018-09,3
19,2018-10,2
19,2018-11,1
19,2018-12,1
19,2019-02,2
19,2019-04,2
19,2019-05,2
19,2019-06,2
19,2019-08,1
19,2019-09,5
19,2019-10,4
19,2019-11,1
19,2020-02,2
19,2020-05,2
19,2020-06,2
19,2020-07,1
19,2020-08,2
19,2020-09,1
19,2020-11,1
19,2021-01,1
19,2021-02,1
19,2021-03,2
19,2021-04,1
20,2008-03,2
20,2008-04,2
20,2008-05,5
20,2008-06,4
20,2008-07,3
20,2008-08,2
20,2008-10,2
20,2009-01,1
20,2009-03,1
20,2009-05,1
20,2009-06,1
20,2009-08,2
20,2009-09,12
20,2009-10,2
20,2009-11,2
20,2009-12,5
20,2010-02,2
20,2010-03,2
20,2010-05,2
20,2010-07,1
20,2010-08,1
20,2010-10,1
20,2010-12,1
20,2011-01,1
20,2011-05,2
20,2011-08,1
20,2011-10,1
20,2011-12,1
20,2012-02,1
20,2012-05,1
20,2012-06,1
20,2012-08,2
20,2012-10,3
20,2012-11,1
20,2013-02,1
20,2013-05,2
20,2013-06,2
20,2013-07,2
20,2013-08,1
20,2014-01,1
20,2014-03,1
20,2014-05,2
20,2014-06,1
20,2014-07,2
20,2014-08,1
20,2014-09,2
20,2014-10,1
20,2014-11,1
20,2014-12,1
20,2015-01,3
20,2015-03,1
20,2015-05,1
20,2015-07,3
20,2015-08,4
20,2015-09,6
20,2015-11,1
20,2016-03,1
20,2016-04,1
20,2016-05,1
20,2016-07,3
20,2016-08,1
20,2016-09,5
20,2016-10,1
20,2017-01,1
20,2017-02,6
20,2017-03,1
20,2017-04,1
20,2017-06,6
20,2017-07,1
20,2017-08,2
20,2017-09,4
20,2017-10,3
20,2017-11,1
20,2017-12,3
20,2018-01,2
20,2018-02,2
20,2018-03,1
20,2018-04,2
20,2018-05,11
20,2018-06,3
20,2018-07,3
20,2018-08,5
20,2018-09,3
20,2018-10,4
20,2018-11,4
20,2018-12,1
20,2019-01,2
20,2019-03,2
20,2019-04,3
20,2019-06,2
20,2019-07,3
20,2019-08,3
20,2019-09,4
20,2019-10,4
20,2019-11,2
20,2019-12,4
20,2020-01,4
20,2020-02,2
20,2020-03,2
20,2020-04,3
20,2020-05,7
20,2020-06,4
20,2020-07,3
20,2020-09,3
20,2020-10,1
20,2020-11,6
20,2020-12,7
20,2021-01,3
20,2021-02,3
20,2021-03,1
20,2021-04,2
21,2008-01,8
21,2008-03,1
21,2008-04,3
21,2008-05,3
21,2008-06,1
21,2008-07,1
21,2008-08,1
21,2008-09,3
21,2008-10,1
21,2009-01,1
21,2009-03,1
21,2009-07,2
21,2009-09,1
21,2009-12,1
21,2010-01,1
21,2010-04,2
21,2010-05,1
21,2010-07,2
21,2010-08,1
21,2010-09,1
21,2011-03,1
21,2011-04,1
21,2011-06,1
21,2011-07,2
21,2011-08,2
21,2011-09,1
21,2011-10,1
21,2011-11,3
21,2011-12,1
21,2013-06,1
21,2013-07,5
21,2013-08,1
21,2013-09,1
21,2013-10,18
21,2013-11,1
21,2014-07,1
21,2014-10,14
21,2014-11,1
21,2015-07,1
21,2015-08,1
21,2016-03,2
21,2016-05,1
21,2016-08,1
21,2016-09,2
21,2016-11,2
21,2016-12,2
21,2017-01,1
21,2017-03,1
21,2017-05,2
21,2017-06,1
21,2017-11,1
21,2018-02,1
21,2018-07,2
21,2018-08,1
21,2018-09,3
21,2019-06,2
21,2019-08,1
21,2020-01,2
21,2020-03,1
21,2020-05,2
21,2020-09,2
21,2020-10,1
21,2020-12,1
21,2021-03,1
22,2008-08,1
22,2008-10,1
22,2008-12,1
22,2009-03,1
22,2009-04,1
22,2009-06,1
22,2009-08,1
22,2009-10,1
22,2010-05,1
22,2010-07,1
22,2010-08,1
22,2010-09,1
22,2010-11,3
22,2011-01,1
22,2011-04,1
22,2011-06,1
22,2011-07,1
22,2011-09,1
22,2012-01,1
22,2012-07,1
22,2012-08,1
22,2012-10,1
22,2013-04,1
22,2013-06,1
22,2013-10,1
22,2014-03,2
22,2014-04,2
22,2014-07,1
22,2014-08,1
22,2014-09,2
22,2014-11,1
22,2014-12,1
22,2015-03,3
22,2015-04,1
22,2015-05,1
22,2015-06,1
22,2015-08,1
22,2015-09,2
22,2015-12,2
22,2016-01,3
22,2016-03,1
22,2016-04,1
22,2016-06,1
22,2016-07,3
22,2016-09,1
22,2016-11,1
22,2016-12,1
22,2017-04,2
22,2017-07,1
22,2017-09,2
22,2017-11,1
22,2018-03,2
22,2018-04,2
22,2018-05,2
22,2018-06,1
22,2018-07,1
22,2018-08,2
22,2018-09,1
22,2018-10,2
22,2018-11,1
22,2018-12,1
22,2019-01,1
22,2019-02,2
22,2019-04,2
22,2019-05,1
22,2019-06,2
22,2019-07,1
22,2019-08,1
22,2019-09,2
22,2019-11,2
22,2019-12,1
22,2020-02,2
22,2020-03,1
22,2020-04,1
22,2020-05,2
22,2020-06,3
22,2020-07,2
22,2020-09,2
22,2021-01,2
23,2008-04,1
23,2008-05,1
23,2008-07,1
23,2008-08,1
23,2008-09,5
23,2008-10,7
23,2008-11,1
23,2009-04,1
23,2009-05,1
23,2009-06,1
23,2009-07,1
23,2009-08,2
23,2009-09,1
23,2009-10,3
23,2010-01,1
23,2010-04,1
23,2010-07,1
23,2010-11,1
23,2011-02,1
23,2011-08,2
23,2011-10,1
23,2011-11,1
23,2011-12,1
23,2012-01,2
23,2012-03,2
23,2012-07,3
23,2012-12,1
23,2013-02,1
23,2013-04,1
23,2013-05,1
23,2013-06,1
23,2013-07,1
23,2013-09,1
23,2013-11,1
23,2013-12,1
23,2014-04,9
23,2014-05,1
23,2014-06,1
23,2014-07,8
23,2014-10,1
23,2014-11,2
23,2015-01,1
23,2015-02,1
23,2015-03,1
23,2015-04,1
23,2015-05,1
23,2015-06,2
23,2015-07,2
23,2016-01,1
23,2016-02,1
23,2016-05,1
23,2016-06,1
23,2016-08,3
23,2016-09,1
23,2016-12,1
23,2017-04,2
23,2017-06,2
23,2017-07,1
23,2017-10,2
23,2017-11,3
23,2017-12,1
23,2018-03,1
23,2018-05,1
23,2018-06,1
23,2018-07,2
23,2018-09,1
23,2018-10,1
23,2018-11,1
23,2019-01,1
23,2019-02,1
23,2019-03,1
23,2019-04,1
23,2019-05,2
23,2019-06,2
23,2019-07,1
23,2020-01,1
23,2020-04,1
23,2020-05,1
23,2020-06,1
23,2020-11,1
24,2008-03,9
24,2008-04,6
24,2008-05,10
24,2008-06,2
24,2008-07,6
24,2008-08,10
24,2008-09,2
24,2008-10,11
24,2008-11,1
24,2008-12,3
24,2009-01,1
24,2009-03,2
24,2009-04,1
24,2009-05,1
24,2009-07,1
24,2009-08,5
24,2009-10,2
24,2009-11,5
24,2009-12,1
24,2010-03,2
24,2010-04,4
24,2010-05,2
24,2010-06,1
24,2010-07,1
24,2010-08,1
24,2010-09,1
24,2010-11,1
24,2011-04,1
24,2012-01,1
24,2012-06,1
24,2012-09,1
24,2012-11,1
24,2013-03,1
24,2013-04,1
24,2013-07,1
24,2013-08,1
24,2014-02,3
24,2014-04,1
24,2014-05,2
24,2014-07,1
24,2014-09,1
24,2015-04,2
24,2015-05,10
24,2015-06,2
24,2015-07,2
24,2015-08,1
24,2015-09,8
24,2015-10,1
24,2015-12,1
24,2016-03,1
24,2016-04,1
24,2016-05,1
24,2016-06,1
24,2016-08,1
24,2016-09,4
24,2016-11,1
24,2017-05,1
24,2017-09,7
24,2017-10,6
24,2018-02,1
24,2018-05,1
24,2018-06,1
24,2018-07,1
24,2018-08,4
24,2018-09,4
24,2018-10,1
24,2019-06,3
24,2019-07,1
24,2019-08,6
24,2019-09,2
24,2019-12,1
24,2020-01,1
24,2020-03,1
24,2020-05,1
24,2020-06,3
24,2020-12,1
24,2021-01,1
24,2021-02,1
24,2021-04,1
25,2008-02,2
25,2008-04,2
25,2008-05,2
25,2008-06,2
25,2008-07,2
25,2008-08,2
25,2008-09,2
25,2008-10,2
25,2008-11,3
25,2008-12,2
25,2009-03,2
25,2009-04,2
25,2009-06,3
25,2009-07,1
25,2009-08,2
25,2009-09,1
25,2009-10,2
25,2009-12,2
25,2010-03,1
25,2010-05,1
25,2010-07,1
25,2010-08,3
25,2010-09,2
25,2010-10,4
25,2010-11,2
25,2010-12,1
25,2011-02,1
25,2011-06,2
25,2011-07,1
25,2011-08,3
25,2011-09,1
25,2011-12,2
25,2012-02,1
25,2012-03,2
25,2012-04,1
25,2012-05,4
25,2012-06,3
25,2012-07,4
25,2012-08,1
25,2012-09,1
25,2012-10,1
25,2012-11,2
25,2013-03,3
25,2013-04,2
25,2013-05,3
25,2013-07,2
25,2013-11,3
25,2014-01,3
25,2014-04,2
25,2014-06,2
25,2014-07,1
25,2014-08,5
25,2014-09,3
25,2014-10,4
25,2014-11,6
25,2014-12,1
25,2015-01,1
25,2015-02,1
25,2015-04,1
25,2015-05,2
25,2015-06,2
25,2015-07,9
25,2015-08,4
25,2015-09,1
25,2015-10,4
25,2015-11,3
25,2015-12,4
25,2016-01,1
25,2016-02,1
25,2016-03,10
25,2016-04,4
25,2016-05,5
25,2016-06,12
25,2016-07,11
25,2016-08,9
25,2016-09,10
25,2016-10,8
25,2016-11,7
25,2016-12,5
25,2017-01,5
25,2017-02,4
25,2017-03,5
25,2017-04,4
25,2017-05,9
25,2017-06,8
25,2017-07,7
25,2017-08,5
25,2017-09,6
25,2017-10,7
25,2017-11,2
25,2017-12,4
25,2018-01,1
25,2018-02,1
25,2018-03,6
25,2018-04,7
25,2018-05,9
25,2018-06,11
25,2018-07,9
25,2018-08,6
25,2018-09,6
25,2018-10,13
25,2018-11,2
25,2018-12,2
25,2019-01,2
25,2019-02,7
25,2019-04,4
25,2019-05,7
25,2019-06,5
25,2019-07,11
25,2019-08,6
25,2019-09,4
25,2019-10,4
25,2019-11,4
25,2019-12,4
25,2020-01,7
25,2020-02,4
25,2020-03,2
25,2020-04,6
25,2020-05,2
25,2020-06,2
25,2020-07,4
25,2020-08,1
25,2020-09,3
25,2020-10,2
25,2020-12,2
25,2021-01,3
25,2021-02,5
25,2021-03,3
26,2006-04,1
26,2007-12,1
26,2008-02,7
26,2008-03,2
26,2008-04,2
26,2008-05,1
26,2008-06,1
26,2008-07,2
26,2008-09,3
26,2008-10,1
26,2008-11,3
26,2008-12,2
26,2009-01,3
26,2009-02,2
26,2009-03,3
26,2009-04,1
26,2009-06,4
26,2009-08,1
26,2009-10,2
26,2009-11,1
26,2010-02,2
26,2010-06,1
26,2010-07,1
26,2010-08,2
26,2010-09,5
26,2010-10,1
26,2010-11,1
26,2010-12,1
26,2011-03,1
26,2011-04,2
26,2011-05,2
26,2011-06,5
26,2011-07,4
26,2011-09,8
26,2011-10,3
26,2011-11,3
26,2011-12,2
26,2012-01,1
26,2012-02,3
26,2012-03,5
26,2012-04,2
26,2012-05,5
26,2012-06,5
26,2012-07,6
26,2012-08,2
26,2012-09,4
26,2012-10,9
26,2012-11,1
26,2012-12,5
26,2013-01,3
26,2013-02,4
26,2013-03,5
26,2013-04,6
26,2013-05,2
26,2013-06,7
26,2013-07,6
26,2013-08,6
26,2013-09,11
26,2013-10,8
26,2013-11,6
26,2013-12,3
26,2014-01,4
26,2014-02,10
26,2014-03,4
26,2014-04,8
26,2014-05,4
26,2014-06,10
26,2014-07,12
26,2014-08,3
26,2014-09,8
26,2014-10,10
26,2014-11,3
26,2014-12,4
26,2015-01,4
26,2015-02,2
26,2015-03,4
26,2015-04,3
26,2015-05,1
26,2015-06,5
26,2015-07,9
26,2015-08,5
26,2015-09,8
26,2015-10,6
26,2015-11,3
26,2015-12,4
26,2016-01,2
26,2016-02,5
26,2016-03,2
26,2016-04,7
26,2016-05,3
26,2016-06,4
26,2016-07,3
26,2016-08,5
26,2016-09,8
26,2016-10,5
26,2016-11,1
26,2016-12,5
26,2017-01,2
26,2017-02,5
26,2017-03,6
26,2017-04,4
26,2017-05,2
26,2017-06,3
26,2017-07,8
26,2017-08,5
26,2017-09,2
26,2017-11,2
26,2017-12,4
26,2018-01,2
26,2018-02,2
26,2018-03,2
26,2018-04,2
26,2018-05,8
26,2018-06,10
26,2018-07,5
26,2018-08,8
26,2018-09,5
26,2018-10,5
26,2018-11,1
26,2019-02,2
26,2019-04,1
26,2019-05,6
26,2019-06,2
26,2019-07,4
26,2019-08,3
26,2019-09,6
26,2019-10,1
26,2019-11,3
26,2019-12,4
26,2020-01,8
26,2020-02,1
26,2020-03,4
26,2020-04,1
26,2020-05,1
26,2020-06,5
26,2020-08,3
26,2020-09,4
26,2020-10,3
26,2020-11,4
26,2020-12,2
26,2021-01,3
26,2021-02,3
26,2021-03,1
26,2021-04,4
27,2007-01,2
27,2008-02,1
27,2008-03,2
27,2008-04,6
27,2008-05,5
27,2008-06,4
27,2008-07,6
27,2008-08,20
27,2008-09,4
27,2008-10,6
27,2008-11,3
27,2008-12,7
27,2009-01,1
27,2009-02,4
27,2009-03,1
27,2009-05,1
27,2009-06,1
27,2009-07,5
27,2009-08,4
27,2009-09,2
27,2009-11,4
27,2009-12,2
27,2010-01,1
27,2010-02,2
27,2010-04,4
27,2010-06,5
27,2010-07,2
27,2010-08,5
27,2010-09,3
27,2010-10,1
27,2010-11,1
27,2010-12,3
27,2011-02,2
27,2011-03,3
27,2011-04,1
27,2011-05,1
27,2011-06,7
27,2011-08,5
27,2011-09,1
27,2011-10,2
27,2011-11,4
27,2012-01,3
27,2012-02,2
27,2012-03,5
27,2012-04,1
27,2012-05,2
27,2012-06,2
27,2012-07,5
27,2012-08,8
27,2012-09,5
27,2012-10,6
27,2012-11,2
27,2013-01,3
27,2013-02,5
27,2013-03,5
27,2013-04,1
27,2013-05,6
27,2013-06,4
27,2013-07,12
27,2013-08,6
27,2013-09,7
27,2013-10,9
27,2013-11,7
27,2013-12,5
27,2014-01,2
27,2014-02,2
27,2014-03,8
27,2014-04,3
27,2014-05,9
27,2014-06,9
27,2014-07,16
27,2014-08,7
27,2014-09,11
27,2014-10,8
27,2014-11,3
27,2014-12,4
27,2015-01,7
27,2015-02,5
27,2015-03,6
27,2015-04,5
27,2015-05,5
27,2015-06,11
27,2015-07,14
27,2015-08,11
27,2015-09,10
27,2015-10,6
27,2015-11,11
27,2015-12,10
27,2016-01,12
27,2016-02,7
27,2016-03,1
27,2016-04,10
27,2016-05,2
27,2016-06,11
27,2016-07,16
27,2016-08,10
27,2016-09,16
27,2016-10,10
27,2016-11,11
27,2016-12,13
27,2017-01,8
27,2017-02,4
27,2017-03,10
27,2017-04,6
27,2017-05,8
27,2017-06,22
27,2017-07,11
27,2017-08,15
27,2017-09,12
27,2017-10,15
27,2017-11,5
27,2017-12,10
27,2018-01,2
27,2018-02,4
27,2018-03,7
27,2018-04,13
27,2018-05,9
27,2018-06,15
27,2018-07,20
27,2018-08,15
27,2018-09,21
27,2018-10,3
27,2018-11,11
27,2018-12,5
27,2019-01,8
27,2019-02,13
27,2019-03,7
27,2019-04,9
27,2019-05,5
27,2019-06,16
27,2019-07,16
27,2019-08,16
27,2019-09,17
27,2019-10,6
27,2019-11,10
27,2019-12,11
27,2020-01,6
27,2020-02,7
27,2020-03,7
27,2020-04,8
27,2020-05,6
27,2020-06,5
27,2020-07,3
27,2020-08,6
27,2020-09,9
27,2020-10,11
27,2020-11,12
27,2020-12,7
27,2021-01,9
27,2021-02,6
27,2021-03,15
27,2021-04,2
28,2008-02,3
28,2008-03,1
28,2008-04,4
28,2008-05,1
28,2008-06,1
28,2008-07,11
28,2008-08,3
28,2008-09,2
28,2008-10,2
28,2008-11,2
28,2008-12,1
28,2009-01,1
28,2009-03,3
28,2009-04,1
28,2009-05,1
28,2009-06,1
28,2009-07,1
28,2009-08,3
28,2009-09,3
28,2010-01,1
28,2010-04,1
28,2010-08,20
28,2010-09,1
28,2010-10,1
28,2010-11,1
28,2010-12,1
28,2011-02,1
28,2011-03,1
28,2011-05,2
28,2011-06,1
28,2011-07,1
28,2011-08,4
28,2011-09,1
28,2011-12,1
28,2012-05,2
28,2012-08,1
28,2012-11,2
28,2013-04,1
28,2013-05,3
28,2013-08,1
28,2013-09,1
28,2013-11,1
28,2013-12,1
28,2014-03,1
28,2014-04,2
28,2014-05,2
28,2014-10,3
28,2014-12,3
28,2015-01,2
28,2015-04,2
28,2015-07,6
28,2015-08,1
28,2015-09,3
28,2015-10,5
28,2015-11,5
28,2015-12,2
28,2016-02,1
28,2016-03,1
28,2016-04,1
28,2016-05,1
28,2016-06,1
28,2016-07,4
28,2016-08,3
28,2016-09,2
28,2016-10,2
28,2016-11,1
28,2017-01,3
28,2017-03,2
28,2017-04,3
28,2017-05,3
28,2017-06,2
28,2017-07,3
28,2017-08,5
28,2017-09,3
28,2017-10,1
28,2017-11,2
28,2017-12,4
28,2018-01,2
28,2018-02,8
28,2018-03,7
28,2018-04,1
28,2018-05,6
28,2018-06,2
28,2018-07,5
28,2018-08,6
28,2018-10,1
28,2018-11,2
28,2018-12,2
28,2019-01,1
28,2019-03,3
28,2019-04,5
28,2019-05,2
28,2019-06,7
28,2019-07,15
28,2019-08,3
28,2019-09,3
28,2019-10,7
28,2019-11,4
28,2019-12,3
28,2020-01,6
28,2020-02,4
28,2020-03,3
28,2020-04,5
28,2020-05,1
28,2020-06,3
28,2020-07,2
28,2020-08,2
28,2020-09,2
28,2020-10,3
28,2020-11,1
28,2020-12,3
28,2021-01,2
28,2021-02,2
28,2021-03,2
29,2008-04,1
29,2008-05,1
29,2008-06,1
29,2008-08,1
29,2008-11,3
29,2009-01,2
29,2009-05,1
29,2009-06,2
29,2009-07,1
29,2009-12,2
29,2010-02,1
29,2010-05,1
29,2010-07,1
29,2010-09,1
29,2010-12,1
29,2011-03,1
29,2011-07,1
29,2012-04,1
29,2012-08,2
29,2013-06,1
29,2013-08,1
29,2014-07,1
29,2015-02,1
29,2015-03,1
29,2015-07,1
29,2015-08,1
29,2016-01,6
29,2016-02,2
29,2016-03,1
29,2016-04,1
29,2016-05,1
29,2016-06,2
29,2016-07,1
29,2016-11,1
29,2017-02,1
29,2017-03,1
29,2017-05,1
29,2017-07,2
29,2017-08,9
29,2017-09,3
29,2017-10,13
29,2018-02,1
29,2018-03,1
29,2018-04,1
29,2018-06,1
29,2018-08,2
29,2018-09,1
29,2019-02,1
29,2019-03,9
29,2019-05,1
29,2019-06,3
29,2019-09,1
29,2019-10,2
29,2019-11,1
29,2019-12,3
29,2020-02,1
29,2020-06,1
29,2020-07,1
29,2020-08,1
29,2020-10,2
29,2021-03,1
30,2008-03,2
30,2008-06,1
30,2008-07,2
30,2008-08,1
30,2008-10,1
30,2009-02,1
30,2009-05,1
30,2009-06,1
30,2009-07,1
30,2009-08,2
30,2009-11,1
30,2009-12,1
30,2010-01,1
30,2010-04,4
30,2010-05,1
30,2010-07,1
30,2010-09,1
30,2011-03,1
30,2011-07,1
30,2011-09,1
30,2011-11,2
30,2012-03,1
30,2012-05,1
30,2012-08,1
30,2012-11,1
30,2013-02,3
30,2013-04,1
30,2013-06,1
30,2013-07,6
30,2013-08,1
30,2013-09,4
30,2013-10,2
30,2013-11,1
30,2014-02,1
30,2014-03,1
30,2014-05,7
30,2014-06,3
30,2014-07,3
30,2014-09,2
30,2014-10,2
30,2014-11,2
30,2014-12,4
30,2015-01,1
30,2015-06,1
30,2015-07,10
30,2015-08,9
30,2015-09,1
30,2015-11,1
30,2015-12,1
30,2016-01,2
30,2016-02,2
30,2016-07,4
30,2016-08,2
30,2016-09,2
30,2017-01,3
30,2017-03,2
30,2017-04,1
30,2017-05,3
30,2017-06,4
30,2017-07,1
30,2017-08,3
30,2017-09,3
30,2017-10,1
30,2017-11,1
30,2017-12,3
30,2018-01,4
30,2018-03,1
30,2018-04,4
30,2018-05,1
30,2018-06,1
30,2018-07,2
30,2018-08,1
30,2018-12,1
30,2019-01,3
30,2019-03,1
30,2019-04,3
30,2019-06,5
30,2019-07,1
30,2019-09,1
30,2019-10,1
30,2019-11,4
30,2020-05,2
30,2020-07,1
30,2020-08,11
30,2020-09,1
30,2020-10,2
30,2020-11,6
30,2020-12,1
30,2021-01,1
30,2021-02,1
30,2021-03,4
30,2021-04,2
31,2008-03,1
31,2008-07,4
31,2008-08,2
31,2008-09,2
31,2008-10,2
31,2008-12,1
31,2009-09,1
31,2010-03,1
31,2010-07,1
31,2010-11,1
31,2011-01,1
31,2011-06,1
31,2011-10,1
31,2012-07,1
31,2012-08,2
31,2013-02,1
31,2013-04,1
31,2013-08,1
31,2014-04,2
31,2014-09,2
31,2014-10,3
31,2014-11,2
31,2015-01,1
31,2015-02,1
31,2015-03,1
31,2015-05,2
31,2015-07,2
31,2015-12,1
31,2016-03,2
31,2016-11,2
31,2017-02,1
31,2017-07,2
31,2017-08,1
31,2017-09,1
31,2017-10,1
31,2018-02,1
31,2018-05,1
31,2018-06,3
31,2018-07,4
31,2018-09,1
31,2018-11,2
31,2019-05,2
31,2019-07,2
31,2019-09,4
31,2020-01,1
31,2020-02,1
31,2020-04,2
31,2020-06,1
31,2020-07,1
31,2020-11,1
31,2021-03,1
31,2021-04,1
32,2008-02,1
32,2008-03,7
32,2008-04,7
32,2008-05,9
32,2008-06,5
32,2008-07,12
32,2008-08,6
32,2008-09,10
32,2008-10,17
32,2008-11,7
32,2008-12,3
32,2009-01,2
32,2009-02,2
32,2009-03,5
32,2009-04,2
32,2009-05,6
32,2009-06,7
32,2009-07,4
32,2009-08,4
32,2009-09,5
32,2009-10,8
32,2009-11,2
32,2009-12,4
32,2010-01,1
32,2010-02,2
32,2010-03,4
32,2010-04,2
32,2010-05,7
32,2010-06,5
32,2010-07,6
32,2010-08,6
32,2010-09,8
32,2010-10,8
32,2010-11,7
32,2010-12,3
32,2011-02,2
32,2011-03,7
32,2011-04,8
32,2011-05,3
32,2011-06,12
32,2011-07,8
32,2011-08,5
32,2011-09,8
32,2011-10,5
32,2011-11,7
32,2011-12,5
32,2012-01,9
32,2012-02,4
32,2012-03,9
32,2012-04,9
32,2012-05,13
32,2012-06,17
32,2012-07,14
32,2012-08,6
32,2012-09,8
32,2012-10,13
32,2012-11,11
32,2012-12,7
32,2013-01,9
32,2013-02,7
32,2013-03,13
32,2013-04,12
32,2013-05,22
32,2013-06,20
32,2013-07,18
32,2013-08,12
32,2013-09,18
32,2013-10,16
32,2013-11,10
32,2013-12,15
32,2014-01,8
32,2014-02,15
32,2014-03,13
32,2014-04,12
32,2014-05,14
32,2014-06,20
32,2014-07,15
32,2014-08,17
32,2014-09,16
32,2014-10,30
32,2014-11,16
32,2014-12,8
32,2015-01,5
32,2015-02,11
32,2015-03,11
32,2015-04,15
32,2015-05,11
32,2015-06,16
32,2015-07,21
32,2015-08,10
32,2015-09,14
32,2015-10,15
32,2015-11,7
32,2015-12,14
32,2016-01,7
32,2016-02,5
32,2016-03,8
32,2016-04,9
32,2016-05,20
32,2016-06,11
32,2016-07,20
32,2016-08,12
32,2016-09,21
32,2016-10,10
32,2016-11,8
32,2016-12,11
32,2017-01,8
32,2017-02,5
32,2017-03,11
32,2017-04,11
32,2017-05,8
32,2017-06,13
32,2017-07,8
32,2017-08,20
32,2017-09,12
32,2017-10,11
32,2017-11,6
32,2017-12,9
32,2018-01,6
32,2018-02,6
32,2018-03,3
32,2018-04,8
32,2018-05,4
32,2018-06,12
32,2018-07,5
32,2018-08,11
32,2018-09,6
32,2018-10,13
32,2018-11,5
32,2018-12,5
32,2019-01,7
32,2019-02,6
32,2019-03,6
32,2019-04,9
32,2019-05,14
32,2019-06,9
32,2019-07,9
32,2019-08,10
32,2019-09,14
32,2019-10,11
32,2019-11,7
32,2019-12,9
32,2020-01,3
32,2020-02,9
32,2020-03,6
32,2020-04,3
32,2020-05,5
32,2020-06,5
32,2020-07,8
32,2020-08,13
32,2020-09,8
32,2020-10,1
32,2020-11,5
32,2020-12,5
32,2021-01,6
32,2021-02,6
32,2021-03,4
32,2021-04,1
33,2008-02,1
33,2008-03,1
33,2008-04,1
33,2008-05,1
33,2008-06,1
33,2008-08,1
33,2008-09,2
33,2008-10,1
33,2008-11,2
33,2009-04,1
33,2009-06,2
33,2009-08,1
33,2009-09,1
33,2009-12,1
33,2010-04,1
33,2010-05,2
33,2010-06,1
33,2010-09,1
33,2011-03,1
33,2011-04,3
33,2011-06,2
33,2011-07,1
33,2011-09,1
33,2011-10,4
33,2011-12,1
33,2012-03,1
33,2012-04,4
33,2012-05,4
33,2012-07,3
33,2012-10,2
33,2012-11,2
33,2012-12,4
33,2013-01,2
33,2013-02,2
33,2013-03,6
33,2013-04,5
33,2013-05,8
33,2013-06,1
33,2013-07,2
33,2013-08,1
33,2013-10,3
33,2013-11,3
33,2013-12,5
33,2014-02,1
33,2014-03,2
33,2014-04,1
33,2014-05,18
33,2014-06,5
33,2014-07,2
33,2014-08,4
33,2014-09,1
33,2014-10,4
33,2014-11,1
33,2014-12,2
33,2015-01,1
33,2015-03,1
33,2015-04,2
33,2015-05,2
33,2015-06,2
33,2015-07,1
33,2015-08,4
33,2015-09,1
33,2015-10,1
33,2015-11,3
33,2015-12,2
33,2016-01,2
33,2016-03,2
33,2016-04,4
33,2016-05,8
33,2016-06,4
33,2016-07,3
33,2016-08,4
33,2016-09,2
33,2016-10,2
33,2016-11,6
33,2016-12,1
33,2017-01,2
33,2017-02,5
33,2017-03,2
33,2017-04,3
33,2017-05,6
33,2017-06,2
33,2017-07,3
33,2017-08,5
33,2017-09,5
33,2017-10,1
33,2017-11,2
33,2017-12,3
33,2018-01,6
33,2018-02,3
33,2018-03,3
33,2018-04,4
33,2018-05,4
33,2018-06,3
33,2018-07,4
33,2018-08,5
33,2018-09,1
33,2018-10,5
33,2018-11,2
33,2018-12,2
33,2019-01,2
33,2019-02,1
33,2019-03,2
33,2019-04,2
33,2019-05,2
33,2019-06,2
33,2019-07,2
33,2019-08,2
33,2019-09,2
33,2019-10,2
33,2019-11,1
33,2019-12,2
33,2020-01,1
33,2020-03,3
33,2020-04,1
33,2020-05,3
33,2020-06,2
33,2020-07,2
33,2020-08,3
33,2020-09,1
33,2020-10,2
33,2020-11,2
33,2021-01,1
33,2021-02,6
33,2021-03,14
33,2021-04,1
34,2008-04,4
34,2008-05,2
34,2008-06,4
34,2008-07,7
34,2008-08,1
34,2008-10,3
34,2008-11,2
34,2008-12,1
34,2009-01,1
34,2009-03,1
34,2009-05,4
34,2009-06,1
34,2009-08,1
34,2009-11,1
34,2009-12,1
34,2010-03,3
34,2010-04,1
34,2010-07,1
34,2010-08,1
34,2010-09,1
34,2010-10,1
34,2010-12,1
34,2011-03,1
34,2011-04,1
34,2011-07,1
34,2011-08,1
34,2011-11,2
34,2011-12,1
34,2012-07,3
34,2013-10,1
34,2013-11,1
34,2014-05,4
34,2014-06,1
34,2014-11,1
34,2015-05,3
34,2015-06,5
34,2015-07,1
34,2015-08,1
34,2015-09,1
34,2015-11,4
34,2015-12,3
34,2016-02,1
34,2016-03,4
34,2016-05,3
34,2016-06,5
34,2016-07,2
34,2016-08,10
34,2016-09,5
34,2016-10,4
34,2016-11,1
34,2017-03,1
34,2017-04,1
34,2017-10,18
34,2018-04,1
34,2018-05,1
34,2018-08,2
34,2018-09,3
34,2018-10,1
34,2019-01,1
34,2019-04,3
34,2019-07,4
34,2019-08,1
34,2019-09,3
34,2019-10,3
34,2019-11,2
34,2019-12,3
34,2020-02,2
34,2020-03,1
34,2020-04,10
34,2020-08,3
34,2020-09,1
34,2021-03,3
35,2008-03,2
35,2008-04,2
35,2008-05,1
35,2008-06,3
35,2008-07,2
35,2008-09,4
35,2008-10,3
35,2008-11,2
35,2008-12,1
35,2009-05,1
35,2009-07,1
35,2009-11,1
35,2009-12,1
35,2010-02,1
35,2010-03,1
35,2010-05,1
35,2010-06,1
35,2010-08,2
35,2010-10,1
35,2010-11,1
35,2011-01,2
35,2011-03,2
35,2011-06,2
35,2011-08,3
35,2011-09,2
35,2011-11,3
35,2011-12,1
35,2012-01,5
35,2012-02,1
35,2012-03,1
35,2012-04,4
35,2012-05,2
35,2012-06,3
35,2012-07,2
35,2012-08,2
35,2012-09,2
35,2012-10,4
35,2012-11,1
35,2013-01,1
35,2013-02,2
35,2013-03,1
35,2013-04,2
35,2013-05,2
35,2013-06,4
35,2013-07,2
35,2013-08,5
35,2013-09,4
35,2013-10,4
35,2013-11,2
35,2013-12,3
35,2014-01,3
35,2014-02,1
35,2014-03,2
35,2014-04,3
35,2014-05,11
35,2014-06,8
35,2014-07,8
35,2014-08,6
35,2014-09,6
35,2014-10,1
35,2014-11,3
35,2014-12,2
35,2015-01,4
35,2015-02,2
35,2015-03,1
35,2015-04,2
35,2015-05,2
35,2015-06,3
35,2015-07,5
35,2015-08,6
35,2015-09,7
35,2015-11,3
35,2015-12,1
35,2016-01,1
35,2016-02,1
35,2016-03,2
35,2016-04,2
35,2016-05,4
35,2016-06,2
35,2016-07,1
35,2016-08,2
35,2016-09,1
35,2016-10,3
35,2016-11,3
35,2017-02,1
35,2017-03,3
35,2017-05,2
35,2017-06,1
35,2017-07,1
35,2017-08,4
35,2017-09,1
35,2017-10,1
35,2017-12,5
35,2018-03,2
35,2018-04,3
35,2018-06,2
35,2018-07,2
35,2018-08,4
35,2018-09,6
35,2018-10,3
35,2018-11,2
35,2019-02,1
35,2019-03,2
35,2019-04,3
35,2019-07,2
35,2019-08,4
35,2019-10,4
35,2019-12,2
35,2020-01,1
35,2020-02,2
35,2020-03,4
35,2020-04,3
35,2020-07,1
35,2020-08,2
35,2020-09,1
35,2020-10,1
35,2020-11,2
35,2020-12,3
35,2021-01,1
35,2021-03,3
35,2021-04,1
36,2008-03,1
36,2008-08,5
36,2008-12,1
36,2009-06,2
36,2009-08,1
36,2009-09,1
36,2009-11,1
36,2010-02,1
36,2010-03,1
36,2010-04,3
36,2010-05,2
36,2010-06,2
36,2010-07,1
36,2010-10,1
36,2011-01,2
36,2011-02,1
36,2011-04,1
36,2011-06,1
36,2011-07,2
36,2011-09,1
36,2011-10,1
36,2012-02,4
36,2012-03,4
36,2012-04,1
36,2012-06,1
36,2012-07,1
36,2012-08,1
36,2012-10,1
36,2012-12,1
36,2013-02,1
36,2013-03,4
36,2013-05,3
36,2013-06,2
36,2013-08,1
36,2013-10,3
36,2014-02,1
36,2014-04,1
36,2014-06,1
36,2014-08,1
36,2014-09,1
36,2014-10,4
36,2014-12,12
36,2015-01,1
36,2015-02,1
36,2015-04,3
36,2015-06,1
36,2015-07,2
36,2015-08,1
36,2016-01,3
36,2016-04,1
36,2016-08,1
36,2016-09,1
36,2016-10,2
36,2017-03,1
36,2017-04,1
36,2017-06,1
36,2017-10,2
36,2017-11,1
36,2017-12,1
36,2018-03,1
36,2018-04,2
36,2018-05,1
36,2018-06,2
36,2018-07,2
36,2018-08,2
36,2018-09,2
36,2018-10,3
36,2018-11,1
36,2018-12,1
36,2019-04,2
36,2019-05,1
36,2019-09,2
36,2020-02,2
36,2020-06,3
36,2020-07,3
36,2020-08,2
36,2020-09,1
36,2020-10,2
36,2020-11,1
36,2021-03,1
37,2008-03,1
37,2008-04,1
37,2008-05,1
37,2008-06,1
37,2008-07,2
37,2008-08,1
37,2008-09,1
37,2008-10,1
37,2008-11,2
37,2008-12,1
37,2009-07,1
37,2009-09,1
37,2009-12,1
37,2011-04,1
37,2011-10,2
37,2012-05,3
37,2012-07,3
37,2012-09,1
37,2013-06,1
37,2014-02,1
37,2014-04,1
37,2014-06,2
37,2014-08,1
37,2014-09,1
37,2014-12,1
37,2015-03,2
37,2015-11,1
37,2016-06,1
37,2016-12,2
37,2017-02,1
37,2017-03,1
37,2017-05,1
37,2017-06,1
37,2017-08,2
37,2017-09,2
37,2017-11,2
37,2017-12,2
37,2018-03,2
37,2018-04,1
37,2018-05,1
37,2018-09,2
37,2019-02,1
37,2019-03,2
37,2019-04,1
37,2019-05,1
37,2019-09,1
37,2019-11,1
37,2020-01,1
37,2020-03,1
37,2020-05,1
37,2020-06,1
37,2020-07,2
37,2020-08,3
37,2020-09,1
37,2020-12,1
37,2021-01,1
37,2021-02,1
37,2021-03,2
37,2021-04,1
38,2008-03,1
38,2008-04,1
38,2008-05,1
38,2008-07,2
38,2008-08,1
38,2008-09,1
38,2008-11,1
38,2009-01,2
38,2009-03,1
38,2009-04,1
38,2009-08,1
38,2009-12,1
38,2010-07,1
38,2010-08,2
38,2010-09,1
38,2010-10,1
38,2010-11,2
38,2011-01,1
38,2011-03,1
38,2011-09,1
38,2011-10,1
38,2011-11,1
38,2012-04,1
38,2012-05,1
38,2012-06,2
38,2012-07,2
38,2012-08,2
38,2012-11,1
38,2013-01,1
38,2013-02,3
38,2013-04,1
38,2013-06,2
38,2013-08,1
38,2013-10,1
38,2013-11,5
38,2013-12,1
38,2014-05,1
38,2014-07,5
38,2014-08,3
38,2014-09,4
38,2014-10,1
38,2014-11,3
38,2015-02,1
38,2015-04,1
38,2015-05,2
38,2015-06,1
38,2015-07,1
38,2015-09,3
38,2015-10,2
38,2015-11,1
38,2015-12,1
38,2016-01,1
38,2016-03,2
38,2016-04,1
38,2016-06,4
38,2016-08,3
38,2016-09,2
38,2017-01,1
38,2017-04,4
38,2017-05,1
38,2017-06,2
38,2017-07,3
38,2017-08,1
38,2017-09,1
38,2017-11,2
38,2017-12,3
38,2018-02,2
38,2018-04,1
38,2018-05,2
38,2018-06,2
38,2018-07,2
38,2018-08,2
38,2018-09,5
38,2018-10,2
38,2018-11,1
38,2019-04,1
38,2019-05,2
38,2019-06,4
38,2019-08,1
38,2019-12,1
38,2020-01,1
38,2020-04,3
38,2020-06,3
38,2020-07,1
38,2020-08,1
38,2020-09,1
38,2020-11,2
38,2021-04,1
39,2008-04,1
39,2008-05,2
39,2008-06,1
39,2008-07,3
39,2008-08,3
39,2008-10,3
39,2008-11,1
39,2009-03,2
39,2009-05,1
39,2009-07,1
39,2009-09,1
39,2009-10,1
39,2009-12,2
39,2010-04,1
39,2010-06,1
39,2010-08,2
39,2010-09,1
39,2010-10,4
39,2011-04,2
39,2011-06,1
39,2011-09,3
39,2012-01,1
39,2012-05,1
39,2012-08,1
39,2012-09,1
39,2012-10,3
39,2012-12,1
39,2013-01,1
39,2013-04,2
39,2013-05,1
39,2013-06,1
39,2013-08,4
39,2013-10,4
39,2013-11,2
39,2013-12,2
39,2014-01,2
39,2014-02,2
39,2014-03,1
39,2014-04,2
39,2014-05,4
39,2014-06,1
39,2014-07,1
39,2014-08,2
39,2014-09,1
39,2014-10,2
39,2014-11,2
39,2015-02,1
39,2015-03,1
39,2015-04,4
39,2015-05,1
39,2015-06,1
39,2015-07,1
39,2015-09,2
39,2015-10,3
39,2015-11,8
39,2015-12,1
39,2016-02,1
39,2016-04,4
39,2016-05,2
39,2016-06,4
39,2016-07,4
39,2016-08,1
39,2016-09,8
39,2016-10,2
39,2016-11,1
39,2016-12,5
39,2017-01,1
39,2017-03,9
39,2017-04,3
39,2017-05,3
39,2017-06,2
39,2017-07,1
39,2017-08,4
39,2017-09,6
39,2017-10,3
39,2017-11,2
39,2017-12,3
39,2018-01,1
39,2018-02,3
39,2018-03,1
39,2018-04,2
39,2018-05,8
39,2018-06,7
39,2018-07,1
39,2018-08,2
39,2018-09,6
39,2018-10,5
39,2018-11,1
39,2018-12,2
39,2019-01,2
39,2019-02,2
39,2019-03,1
39,2019-04,5
39,2019-05,4
39,2019-06,2
39,2019-07,2
39,2019-08,2
39,2019-09,6
39,2019-10,1
39,2019-11,2
39,2019-12,4
39,2020-01,1
39,2020-02,3
39,2020-03,2
39,2020-04,1
39,2020-05,1
39,2020-06,2
39,2020-07,3
39,2020-08,3
39,2020-09,3
39,2020-10,4
39,2020-11,2
39,2021-01,1
39,2021-03,2
40,2008-03,1
40,2008-04,2
40,2008-06,2
40,2008-08,2
40,2008-10,2
40,2008-11,2
40,2008-12,1
40,2009-03,2
40,2009-04,2
40,2009-05,2
40,2009-10,3
40,2010-01,1
40,2010-05,1
40,2010-07,1
40,2010-08,1
40,2010-10,1
40,2010-11,1
40,2010-12,1
40,2011-02,1
40,2011-03,2
40,2011-04,2
40,2011-05,2
40,2011-06,4
40,2011-08,1
40,2011-09,1
40,2011-11,2
40,2012-05,2
40,2012-07,3
40,2012-08,1
40,2012-10,1
40,2012-12,1
40,2013-03,1
40,2013-04,3
40,2013-05,2
40,2013-06,5
40,2013-08,2
40,2013-09,2
40,2013-10,4
40,2013-11,3
40,2013-12,1
40,2014-01,2
40,2014-02,1
40,2014-04,1
40,2014-05,2
40,2014-06,3
40,2014-07,1
40,2014-08,2
40,2014-09,1
40,2014-10,4
40,2014-12,2
40,2015-01,1
40,2015-04,6
40,2015-05,3
40,2015-06,5
40,2015-07,9
40,2015-09,5
40,2015-10,3
40,2015-11,3
40,2015-12,3
40,2016-01,1
40,2016-02,1
40,2016-04,1
40,2016-05,3
40,2016-06,5
40,2016-07,3
40,2016-08,8
40,2016-09,4
40,2016-10,2
40,2016-11,3
40,2016-12,3
40,2017-01,1
40,2017-04,5
40,2017-06,3
40,2017-07,2
40,2017-08,4
40,2017-09,3
40,2017-10,1
40,2017-11,4
40,2017-12,1
40,2018-03,3
40,2018-04,4
40,2018-05,3
40,2018-06,8
40,2018-07,2
40,2018-08,4
40,2018-09,2
40,2018-10,4
40,2018-11,1
40,2018-12,2
40,2019-01,1
40,2019-02,1
40,2019-03,1
40,2019-04,2
40,2019-05,3
40,2019-06,2
40,2019-07,3
40,2019-08,3
40,2019-10,3
40,2019-11,4
40,2019-12,5
40,2020-01,2
40,2020-02,4
40,2020-03,5
40,2020-04,2
40,2020-05,1
40,2020-07,2
40,2020-09,1
40,2020-10,4
40,2020-11,1
40,2020-12,4
40,2021-01,2
40,2021-02,2
40,2021-03,2
40,2021-04,1
41,2008-03,4
41,2008-04,3
41,2008-05,2
41,2008-06,4
41,2008-07,1
41,2008-08,7
41,2008-09,15
41,2008-10,2
41,2008-11,2
41,2008-12,1
41,2009-01,1
41,2009-02,3
41,2009-03,1
41,2009-04,1
41,2009-05,4
41,2009-06,2
41,2009-08,1
41,2009-09,4
41,2009-10,1
41,2009-11,6
41,2010-02,1
41,2010-04,1
41,2010-05,1
41,2010-06,3
41,2010-08,3
41,2010-10,1
41,2010-11,1
41,2011-01,2
41,2011-02,1
41,2011-03,1
41,2011-04,2
41,2011-05,1
41,2011-06,2
41,2011-07,1
41,2011-08,2
41,2011-09,1
41,2011-10,2
41,2011-11,3
41,2012-01,1
41,2012-04,1
41,2012-06,2
41,2012-07,2
41,2012-08,1
41,2012-09,1
41,2012-10,1
41,2012-11,2
41,2012-12,2
41,2013-01,2
41,2013-03,1
41,2013-05,1
41,2013-06,1
41,2013-07,1
41,2013-08,1
41,2013-09,3
41,2013-10,2
41,2013-11,2
41,2013-12,1
41,2014-01,1
41,2014-02,1
41,2014-03,1
41,2014-05,1
41,2014-06,4
41,2014-07,2
41,2014-08,3
41,2014-09,1
41,2014-10,4
41,2015-02,1
41,2015-03,1
41,2015-04,2
41,2015-05,2
41,2015-06,2
41,2015-07,2
41,2015-08,4
41,2015-09,6
41,2015-10,6
41,2015-11,3
41,2015-12,5
41,2016-01,2
41,2016-03,6
41,2016-04,5
41,2016-05,6
41,2016-06,1
41,2016-07,7
41,2016-08,3
41,2016-09,1
41,2016-10,3
41,2016-11,3
41,2016-12,2
41,2017-01,2
41,2017-03,5
41,2017-04,2
41,2017-06,4
41,2017-07,3
41,2017-08,3
41,2017-09,3
41,2017-10,3
41,2017-11,6
41,2017-12,4
41,2018-01,3
41,2018-02,4
41,2018-03,5
41,2018-04,5
41,2018-05,6
41,2018-06,2
41,2018-07,4
41,2018-08,4
41,2018-09,7
41,2018-10,2
41,2018-12,2
41,2019-01,3
41,2019-02,3
41,2019-03,2
41,2019-04,4
41,2019-05,2
41,2019-06,2
41,2019-07,3
41,2019-08,4
41,2019-09,5
41,2019-10,3
41,2019-11,2
41,2019-12,2
41,2020-01,3
41,2020-02,2
41,2020-03,1
41,2020-04,1
41,2020-05,1
41,2020-06,1
41,2020-07,3
41,2020-08,3
41,2020-09,5
41,2020-10,4
41,2020-11,1
41,2021-01,1
41,2021-02,1
41,2021-03,1
41,2021-04,1
42,2007-08,1
42,2008-03,8
42,2008-04,9
42,2008-05,8
42,2008-06,9
42,2008-07,14
42,2008-08,13
42,2008-09,21
42,2008-10,12
42,2008-11,7
42,2008-12,13
42,2009-01,8
42,2009-02,7
42,2009-03,14
42,2009-04,15
42,2009-05,8
42,2009-06,7
42,2009-07,14
42,2009-08,10
42,2009-09,9
42,2009-10,9
42,2009-11,1
42,2009-12,4
42,2010-01,1
42,2010-02,4
42,2010-03,7
42,2010-04,6
42,2010-05,8
42,2010-06,4
42,2010-07,23
42,2010-08,5
42,2010-09,10
42,2010-10,4
42,2010-11,4
42,2010-12,4
42,2011-01,1
42,2011-02,2
42,2011-03,3
42,2011-04,8
42,2011-05,9
42,2011-06,9
42,2011-07,10
42,2011-08,6
42,2011-09,8
42,2011-10,5
42,2011-11,7
42,2011-12,6
42,2012-01,7
42,2012-02,4
42,2012-03,7
42,2012-04,7
42,2012-05,13
42,2012-06,12
42,2012-07,24
42,2012-08,15
42,2012-09,11
42,2012-10,8
42,2012-11,5
42,2012-12,6
42,2013-01,8
42,2013-02,2
42,2013-03,9
42,2013-04,10
42,2013-05,15
42,2013-06,14
42,2013-07,32
42,2013-08,9
42,2013-09,5
42,2013-10,10
42,2013-11,8
42,2013-12,5
42,2014-01,5
42,2014-02,5
42,2014-03,4
42,2014-04,13
42,2014-05,12
42,2014-06,13
42,2014-07,27
42,2014-08,11
42,2014-09,16
42,2014-10,12
42,2014-11,7
42,2014-12,7
42,2015-01,4
42,2015-02,7
42,2015-03,9
42,2015-04,9
42,2015-05,9
42,2015-06,19
42,2015-07,17
42,2015-08,13
42,2015-09,25
42,2015-10,12
42,2015-11,16
42,2015-12,9
42,2016-01,11
42,2016-02,11
42,2016-03,10
42,2016-04,23
42,2016-05,15
42,2016-06,32
42,2016-07,30
42,2016-08,16
42,2016-09,28
42,2016-10,18
42,2016-11,16
42,2016-12,12
42,2017-01,5
42,2017-02,6
42,2017-03,14
42,2017-04,10
42,2017-05,15
42,2017-06,19
42,2017-07,27
42,2017-08,15
42,2017-09,27
42,2017-10,12
42,2017-11,12
42,2017-12,5
42,2018-01,7
42,2018-02,4
42,2018-03,10
42,2018-04,12
42,2018-05,9
42,2018-06,17
42,2018-07,33
42,2018-08,25
42,2018-09,12
42,2018-10,16
42,2018-11,11
42,2018-12,5
42,2019-01,3
42,2019-02,3
42,2019-03,12
42,2019-04,8
42,2019-05,13
42,2019-06,20
42,2019-07,32
42,2019-08,21
42,2019-09,17
42,2019-10,18
42,2019-11,13
42,2019-12,4
42,2020-01,6
42,2020-02,8
42,2020-03,15
42,2020-04,7
42,2020-05,4
42,2020-06,6
42,2020-07,4
42,2020-08,7
42,2020-09,8
42,2020-10,11
42,2020-11,12
42,2020-12,2
42,2021-01,3
42,2021-02,6
42,2021-03,2
42,2021-04,3
43,2008-03,2
43,2008-04,2
43,2008-05,4
43,2008-06,2
43,2008-07,11
43,2008-08,4
43,2008-09,7
43,2008-10,8
43,2008-11,3
43,2008-12,3
43,2009-01,1
43,2009-02,4
43,2009-03,8
43,2009-04,2
43,2009-05,3
43,2009-06,2
43,2009-07,6
43,2009-09,9
43,2009-10,5
43,2009-11,3
43,2009-12,2
43,2010-01,1
43,2010-03,3
43,2010-05,4
43,2010-06,5
43,2010-07,2
43,2010-08,6
43,2010-09,6
43,2010-10,5
43,2010-11,6
43,2010-12,1
43,2011-01,2
43,2011-02,4
43,2011-03,5
43,2011-04,3
43,2011-05,4
43,2011-06,7
43,2011-07,8
43,2011-08,5
43,2011-09,5
43,2011-10,1
43,2011-11,2
43,2012-01,1
43,2012-03,2
43,2012-04,2
43,2012-05,3
43,2012-06,6
43,2012-07,6
43,2012-08,4
43,2012-09,7
43,2012-10,4
43,2012-11,5
43,2012-12,4
43,2013-01,1
43,2013-02,3
43,2013-03,4
43,2013-04,8
43,2013-05,7
43,2013-06,7
43,2013-07,7
43,2013-08,5
43,2013-09,10
43,2013-10,10
43,2013-11,6
43,2013-12,10
43,2014-01,2
43,2014-02,2
43,2014-03,2
43,2014-04,3
43,2014-05,9
43,2014-06,7
43,2014-07,5
43,2014-08,13
43,2014-09,9
43,2014-10,8
43,2014-11,6
43,2014-12,5
43,2015-01,2
43,2015-02,2
43,2015-03,4
43,2015-04,5
43,2015-05,13
43,2015-06,12
43,2015-07,10
43,2015-08,10
43,2015-09,8
43,2015-10,9
43,2015-11,5
43,2016-01,2
43,2016-02,1
43,2016-03,6
43,2016-04,9
43,2016-05,7
43,2016-06,13
43,2016-07,10
43,2016-08,11
43,2016-09,6
43,2016-10,4
43,2016-11,7
43,2016-12,5
43,2017-01,3
43,2017-02,5
43,2017-03,5
43,2017-04,6
43,2017-05,13
43,2017-06,11
43,2017-07,13
43,2017-08,11
43,2017-09,7
43,2017-10,8
43,2017-11,8
43,2017-12,7
43,2018-01,7
43,2018-02,2
43,2018-03,4
43,2018-04,7
43,2018-05,8
43,2018-06,4
43,2018-07,20
43,2018-08,9
43,2018-09,3
43,2018-10,6
43,2018-11,4
43,2018-12,3
43,2019-01,1
43,2019-02,5
43,2019-03,5
43,2019-04,6
43,2019-05,8
43,2019-06,9
43,2019-07,8
43,2019-08,10
43,2019-09,4
43,2019-10,6
43,2019-11,1
43,2019-12,2
43,2020-01,4
43,2020-02,2
43,2020-03,3
43,2020-04,5
43,2020-05,1
43,2020-06,1
43,2020-07,1
43,2020-08,6
43,2020-09,5
43,2020-10,1
43,2020-11,7
43,2020-12,3
43,2021-01,3
43,2021-02,4
43,2021-03,3
43,2021-04,1
44,2008-01,1
44,2008-03,4
44,2008-04,4
44,2008-05,5
44,2008-06,3
44,2008-07,6
44,2008-08,5
44,2008-09,4
44,2008-10,8
44,2008-11,5
44,2008-12,3
44,2009-01,1
44,2009-03,1
44,2009-04,4
44,2009-05,1
44,2009-07,3
44,2009-08,2
44,2009-09,3
44,2009-10,7
44,2009-11,2
44,2009-12,1
44,2010-01,1
44,2010-02,4
44,2010-03,1
44,2010-04,6
44,2010-05,2
44,2010-06,1
44,2010-07,3
44,2010-08,3
44,2010-09,4
44,2010-10,3
44,2010-11,3
44,2011-02,2
44,2011-03,2
44,2011-04,3
44,2011-05,4
44,2011-06,3
44,2011-07,1
44,2011-08,1
44,2011-09,6
44,2011-10,1
44,2011-11,5
44,2011-12,5
44,2012-01,3
44,2012-02,2
44,2012-03,1
44,2012-04,3
44,2012-05,5
44,2012-06,6
44,2012-07,5
44,2012-08,3
44,2012-09,4
44,2012-10,5
44,2012-11,7
44,2012-12,4
44,2013-02,4
44,2013-03,4
44,2013-04,2
44,2013-05,10
44,2013-06,5
44,2013-07,10
44,2013-08,5
44,2013-09,4
44,2013-10,4
44,2013-11,4
44,2013-12,7
44,2014-01,4
44,2014-02,6
44,2014-03,6
44,2014-04,7
44,2014-05,3
44,2014-06,5
44,2014-07,8
44,2014-08,13
44,2014-09,6
44,2014-10,8
44,2014-11,4
44,2014-12,5
44,2015-01,3
44,2015-02,2
44,2015-03,10
44,2015-04,8
44,2015-05,6
44,2015-06,8
44,2015-07,6
44,2015-08,11
44,2015-09,10
44,2015-10,16
44,2015-11,6
44,2015-12,7
44,2016-01,2
44,2016-02,7
44,2016-03,7
44,2016-04,2
44,2016-05,2
44,2016-06,11
44,2016-07,6
44,2016-08,12
44,2016-09,6
44,2016-10,6
44,2016-11,4
44,2016-12,2
44,2017-01,1
44,2017-03,3
44,2017-04,5
44,2017-05,8
44,2017-06,9
44,2017-07,4
44,2017-08,8
44,2017-09,8
44,2017-10,11
44,2017-11,2
44,2017-12,2
44,2018-02,2
44,2018-03,3
44,2018-04,3
44,2018-05,4
44,2018-06,6
44,2018-07,9
44,2018-08,7
44,2018-09,9
44,2018-10,8
44,2018-11,1
44,2018-12,2
44,2019-01,3
44,2019-03,1
44,2019-04,2
44,2019-05,7
44,2019-06,4
44,2019-07,4
44,2019-08,7
44,2019-09,3
44,2019-10,7
44,2019-11,3
44,2019-12,4
44,2020-01,5
44,2020-02,4
44,2020-03,5
44,2020-04,3
44,2020-05,5
44,2020-06,3
44,2020-07,3
44,2020-08,6
44,2020-09,7
44,2020-10,2
44,2020-11,3
44,2020-12,4
44,2021-01,3
44,2021-02,1
44,2021-04,1
45,2008-02,2
45,2008-06,2
45,2008-07,1
45,2008-09,2
45,2008-11,1
45,2008-12,1
45,2009-01,2
45,2009-05,2
45,2009-07,2
45,2009-09,2
45,2009-10,2
45,2009-11,6
45,2009-12,1
45,2010-01,1
45,2010-04,1
45,2010-06,1
45,2010-07,2
45,2010-08,2
45,2010-09,2
45,2010-11,1
45,2011-01,2
45,2011-03,1
45,2011-05,1
45,2011-09,1
45,2011-10,3
45,2012-01,4
45,2012-02,1
45,2012-04,2
45,2012-05,5
45,2012-06,2
45,2012-08,4
45,2012-10,3
45,2012-11,2
45,2012-12,2
45,2013-01,2
45,2013-02,3
45,2013-04,8
45,2013-05,2
45,2013-06,8
45,2013-07,7
45,2013-08,4
45,2013-10,8
45,2013-11,2
45,2013-12,1
45,2014-02,2
45,2014-03,4
45,2014-04,3
45,2014-05,2
45,2014-07,2
45,2014-08,2
45,2014-09,2
45,2014-11,1
45,2015-03,1
45,2015-05,3
45,2015-06,2
45,2015-07,3
45,2015-08,2
45,2015-09,8
45,2015-11,2
45,2015-12,4
45,2016-01,3
45,2016-02,11
45,2016-03,4
45,2016-04,3
45,2016-05,8
45,2016-06,5
45,2016-07,11
45,2016-08,7
45,2016-09,2
45,2016-10,7
45,2016-11,2
45,2017-01,2
45,2017-02,1
45,2017-03,1
45,2017-04,2
45,2017-05,3
45,2017-06,3
45,2017-07,5
45,2017-08,8
45,2017-09,7
45,2017-10,3
45,2017-11,2
45,2017-12,2
45,2018-01,1
45,2018-02,1
45,2018-03,3
45,2018-04,8
45,2018-05,2
45,2018-06,5
45,2018-07,2
45,2018-08,6
45,2018-09,3
45,2018-10,2
45,2018-11,3
45,2018-12,1
45,2019-01,1
45,2019-02,4
45,2019-03,1
45,2019-04,4
45,2019-05,1
45,2019-06,1
45,2019-07,5
45,2019-08,8
45,2019-09,6
45,2019-10,3
45,2019-11,2
45,2019-12,7
45,2020-01,1
45,2020-02,1
45,2020-03,1
45,2020-05,3
45,2020-06,1
45,2020-07,2
45,2020-09,2
45,2020-10,2
45,2020-11,2
45,2020-12,2
45,2021-01,3
45,2021-02,1
45,2021-03,2
45,2021-04,4
46,2008-03,1
46,2008-07,2
46,2008-10,6
46,2008-11,1
46,2008-12,1
46,2009-02,3
46,2009-03,1
46,2009-07,2
46,2009-10,2
46,2009-12,3
46,2010-04,1
46,2010-05,1
46,2010-08,2
46,2010-09,3
46,2010-10,1
46,2010-11,1
46,2011-04,1
46,2011-06,3
46,2011-08,3
46,2012-02,1
46,2012-05,1
46,2012-06,5
46,2012-07,2
46,2012-08,3
46,2012-11,2
46,2012-12,1
46,2013-03,1
46,2013-04,4
46,2013-05,3
46,2013-06,3
46,2013-07,4
46,2013-08,1
46,2013-09,1
46,2013-10,2
46,2014-01,2
46,2014-03,2
46,2014-05,1
46,2014-06,2
46,2014-07,1
46,2014-09,3
46,2014-10,4
46,2014-11,1
46,2014-12,2
46,2015-04,1
46,2015-05,2
46,2015-06,4
46,2015-07,2
46,2015-08,1
46,2015-09,4
46,2015-10,2
46,2015-11,1
46,2016-01,1
46,2016-02,1
46,2016-04,2
46,2016-06,2
46,2016-07,2
46,2016-08,1
46,2016-09,5
46,2016-10,2
46,2016-11,1
46,2017-02,3
46,2017-03,1
46,2017-04,2
46,2017-05,5
46,2017-06,4
46,2017-07,1
46,2017-08,3
46,2017-09,5
46,2017-10,5
46,2018-02,1
46,2018-03,2
46,2018-05,4
46,2018-06,2
46,2018-07,5
46,2018-08,1
46,2018-09,5
46,2018-10,4
46,2019-03,1
46,2019-04,1
46,2019-05,1
46,2019-06,4
46,2019-07,3
46,2019-08,1
46,2019-09,3
46,2019-10,1
46,2019-11,1
46,2020-02,1
46,2020-03,1
46,2020-04,1
46,2020-05,1
46,2020-07,3
46,2020-08,1
46,2020-10,4
46,2021-01,1
46,2021-03,2
46,2021-04,1
47,2007-09,2
47,2007-11,1
47,2007-12,2
47,2008-03,3
47,2008-04,11
47,2008-05,2
47,2008-06,2
47,2008-07,5
47,2008-08,3
47,2008-09,5
47,2008-10,6
47,2008-11,2
47,2008-12,2
47,2009-01,1
47,2009-02,1
47,2009-03,3
47,2009-04,2
47,2009-05,3
47,2009-06,3
47,2009-07,3
47,2009-08,2
47,2009-09,3
47,2009-10,4
47,2009-11,2
47,2009-12,1
47,2010-01,2
47,2010-02,1
47,2010-03,1
47,2010-04,5
47,2010-05,4
47,2010-06,1
47,2010-07,1
47,2010-08,3
47,2010-09,5
47,2010-10,9
47,2010-11,1
47,2010-12,4
47,2011-01,2
47,2011-02,2
47,2011-03,2
47,2011-04,3
47,2011-05,4
47,2011-06,4
47,2011-07,5
47,2011-08,7
47,2011-09,10
47,2011-10,5
47,2011-11,4
47,2011-12,5
47,2012-01,1
47,2012-02,2
47,2012-03,3
47,2012-04,4
47,2012-05,8
47,2012-06,7
47,2012-07,6
47,2012-08,11
47,2012-09,8
47,2012-10,11
47,2012-11,10
47,2012-12,6
47,2013-01,7
47,2013-02,11
47,2013-03,7
47,2013-04,4
47,2013-05,7
47,2013-06,10
47,2013-07,7
47,2013-08,10
47,2013-09,15
47,2013-10,11
47,2013-11,10
47,2013-12,7
47,2014-01,6
47,2014-02,7
47,2014-03,7
47,2014-04,14
47,2014-05,16
47,2014-06,9
47,2014-07,13
47,2014-08,12
47,2014-09,14
47,2014-10,10
47,2014-11,14
47,2014-12,8
47,2015-01,6
47,2015-02,4
47,2015-03,11
47,2015-04,9
47,2015-05,10
47,2015-06,15
47,2015-07,12
47,2015-08,10
47,2015-09,9
47,2015-10,15
47,2015-11,10
47,2015-12,8
47,2016-02,11
47,2016-03,12
47,2016-04,7
47,2016-05,4
47,2016-06,11
47,2016-07,7
47,2016-08,16
47,2016-09,10
47,2016-10,10
47,2016-11,9
47,2016-12,1
47,2017-01,2
47,2017-02,5
47,2017-03,6
47,2017-04,5
47,2017-05,7
47,2017-06,11
47,2017-07,4
47,2017-08,10
47,2017-09,14
47,2017-10,11
47,2017-11,4
47,2017-12,3
47,2018-01,5
47,2018-02,4
47,2018-03,14
47,2018-04,3
47,2018-05,9
47,2018-06,10
47,2018-07,11
47,2018-08,9
47,2018-09,13
47,2018-10,13
47,2018-11,6
47,2018-12,6
47,2019-01,3
47,2019-02,1
47,2019-03,2
47,2019-04,5
47,2019-05,11
47,2019-06,6
47,2019-07,8
47,2019-08,7
47,2019-09,11
47,2019-10,6
47,2019-11,10
47,2019-12,5
47,2020-01,2
47,2020-02,5
47,2020-03,3
47,2020-04,9
47,2020-05,6
47,2020-06,4
47,2020-07,5
47,2020-08,4
47,2020-09,3
47,2020-10,6
47,2020-11,3
47,2020-12,7
47,2021-01,3
47,2021-02,3
47,2021-03,7
48,2008-04,1
48,2008-05,2
48,2008-09,1
48,2008-10,7
48,2009-04,1
48,2009-05,1
48,2009-06,1
48,2009-07,1
48,2009-08,1
48,2009-11,1
48,2010-01,2
48,2010-03,1
48,2010-04,1
48,2010-05,2
48,2010-07,1
48,2010-08,1
48,2010-10,1
48,2010-11,1
48,2010-12,1
48,2011-01,2
48,2011-02,1
48,2011-03,3
48,2011-04,2
48,2011-06,1
48,2011-07,1
48,2012-02,1
48,2012-03,1
48,2012-05,1
48,2012-06,1
48,2013-02,1
48,2013-03,1
48,2013-06,2
48,2013-08,1
48,2013-09,1
48,2013-10,1
48,2013-11,1
48,2014-01,1
48,2014-05,1
48,2014-06,1
48,2014-07,1
48,2014-08,3
48,2014-10,1
48,2015-03,1
48,2015-06,2
48,2015-08,2
48,2015-09,3
48,2015-11,1
48,2016-05,1
48,2016-06,1
48,2016-07,1
48,2016-08,1
48,2016-11,2
48,2017-03,1
48,2017-05,1
48,2017-06,3
48,2017-07,2
48,2017-08,4
48,2017-10,1
48,2017-11,1
48,2017-12,1
48,2018-03,1
48,2018-04,1
48,2018-05,4
48,2018-06,1
48,2018-07,1
48,2018-08,4
48,2018-10,1
48,2018-11,1
48,2019-01,1
48,2019-03,1
48,2019-05,3
48,2019-06,1
48,2019-07,4
48,2019-08,1
48,2019-10,2
48,2019-11,1
48,2020-04,1
48,2020-07,1
48,2020-08,1
48,2020-09,1
48,2020-11,1
49,2008-05,1
49,2008-06,1
49,2008-10,1
49,2008-11,1
49,2009-01,1
49,2009-02,1
49,2009-10,2
49,2009-11,1
49,2010-01,1
49,2010-02,1
49,2010-10,2
49,2011-02,1
49,2011-06,1
49,2011-07,1
49,2011-08,2
49,2011-10,2
49,2011-11,1
49,2012-01,1
49,2012-02,1
49,2012-03,1
49,2012-04,1
49,2012-07,3
49,2012-08,1
49,2012-11,1
49,2013-03,1
49,2013-04,2
49,2013-05,1
49,2013-07,1
49,2013-08,3
49,2013-11,1
49,2014-02,1
49,2014-05,2
49,2014-06,1
49,2014-07,2
49,2014-08,1
49,2014-09,1
49,2014-10,1
49,2015-03,2
49,2015-05,1
49,2015-10,2
49,2015-11,1
49,2016-03,1
49,2016-05,1
49,2016-06,1
49,2016-10,1
49,2016-11,1
49,2017-08,3
49,2017-12,1
49,2018-02,2
49,2018-03,1
49,2018-04,3
49,2018-05,3
49,2018-06,1
49,2018-07,1
49,2018-08,1
49,2018-09,2
49,2018-10,1
49,2019-02,1
49,2019-04,2
49,2019-06,1
49,2019-08,2
49,2019-09,2
49,2019-10,1
49,2020-03,1
49,2020-06,2
49,2020-08,2
49,2021-04,1
50,2007-07,1
50,2008-03,2
50,2008-05,1
50,2008-07,1
50,2008-08,1
50,2008-10,6
50,2008-11,1
50,2009-02,1
50,2009-03,1
50,2009-04,1
50,2009-09,1
50,2009-11,1
50,2009-12,1
50,2010-02,1
50,2010-05,1
50,2010-08,2
50,2010-10,1
50,2010-12,2
50,2011-03,1
50,2011-04,3
50,2011-06,1
50,2011-09,3
50,2011-12,2
50,2012-01,2
50,2012-04,3
50,2012-05,1
50,2012-07,2
50,2012-10,3
50,2012-11,2
50,2013-01,1
50,2013-02,6
50,2013-05,1
50,2013-06,2
50,2013-07,1
50,2013-09,3
50,2013-10,4
50,2013-11,1
50,2014-03,2
50,2014-04,2
50,2014-05,1
50,2014-09,1
50,2014-10,1
50,2014-12,1
50,2015-03,2
50,2015-04,2
50,2015-07,2
50,2015-09,2
50,2015-10,3
50,2015-11,4
50,2015-12,1
50,2016-05,5
50,2016-06,3
50,2016-08,1
50,2016-09,3
50,2016-12,1
50,2017-02,2
50,2017-04,1
50,2017-05,1
50,2017-06,1
50,2017-07,3
50,2017-08,1
50,2017-09,2
50,2017-10,1
50,2017-11,2
50,2017-12,3
50,2018-02,2
50,2018-03,2
50,2018-04,1
50,2018-05,1
50,2018-08,2
50,2018-09,1
50,2018-10,2
50,2018-11,2
50,2019-02,1
50,2019-03,2
50,2019-06,1
50,2019-08,2
50,2019-09,1
50,2019-11,1
50,2019-12,1
50,2020-02,1
50,2020-04,1
50,2020-05,1
50,2020-08,1
50,2020-10,2
50,2021-03,2
