{
  "data": [
    {
      "index": 0,
      "month": "2006-1-01",
      "avg_latitude": 41.8513198845,
      "avg_longitude": -87.6658651523
    },
    {
      "index": 1,
      "month": "2006-2-01",
      "avg_latitude": 41.862963516,
      "avg_longitude": -87.6590930628
    },
    {
      "index": 2,
      "month": "2006-3-01",
      "avg_latitude": 41.763670832,
      "avg_longitude": -87.632829201
    },
    {
      "index": 3,
      "month": "2006-4-01",
      "avg_latitude": 41.702982116,
      "avg_longitude": -87.605252824
    },
    {
      "index": 4,
      "month": "2006-5-01",
      "avg_latitude": 41.7747532745,
      "avg_longitude": -87.604468777
    },
    {
      "index": 5,
      "month": "2006-6-01",
      "avg_latitude": 41.7969030137,
      "avg_longitude": -87.6866684517
    },
    {
      "index": 6,
      "month": "2006-7-01",
      "avg_latitude": 41.735714811,
      "avg_longitude": -87.718380943
    },
    {
      "index": 7,
      "month": "2006-8-01",
      "avg_latitude": 41.8306000676,
      "avg_longitude": -87.6846617506
    },
    {
      "index": 8,
      "month": "2006-9-01",
      "avg_latitude": 41.7752738292,
      "avg_longitude": -87.6421238178
    },
    {
      "index": 9,
      "month": "2006-10-01",
      "avg_latitude": 41.8231795954,
      "avg_longitude": -87.6560182779
    },
    {
      "index": 10,
      "month": "2006-11-01",
      "avg_latitude": 41.762277979,
      "avg_longitude": -87.7053109815
    },
    {
      "index": 11,
      "month": "2006-12-01",
      "avg_latitude": 41.858871377,
      "avg_longitude": -87.6523474543
    },
    {
      "index": 12,
      "month": "2007-1-01",
      "avg_latitude": 41.880522171,
      "avg_longitude": -87.651854463
    },
    {
      "index": 13,
      "month": "2007-2-01",
      "avg_latitude": 41.8932585775,
      "avg_longitude": -87.676220254
    },
    {
      "index": 14,
      "month": "2007-3-01",
      "avg_latitude": 41.8250770115,
      "avg_longitude": -87.621597126
    },
    {
      "index": 15,
      "month": "2007-4-01",
      "avg_latitude": 41.7911758553,
      "avg_longitude": -87.6446743633
    },
    {
      "index": 16,
      "month": "2007-6-01",
      "avg_latitude": 41.794517714,
      "avg_longitude": -87.584080915
    },
    {
      "index": 17,
      "month": "2007-7-01",
      "avg_latitude": 41.8801506425,
      "avg_longitude": -87.658634371
    },
    {
      "index": 18,
      "month": "2007-9-01",
      "avg_latitude": 42.008490158,
      "avg_longitude": -87.703601417
    },
    {
      "index": 19,
      "month": "2007-10-01",
      "avg_latitude": 41.8257646855,
      "avg_longitude": -87.6833874285
    },
    {
      "index": 20,
      "month": "2007-11-01",
      "avg_latitude": 41.753145004,
      "avg_longitude": -87.549098617
    },
    {
      "index": 21,
      "month": "2008-2-01",
      "avg_latitude": 41.78191613,
      "avg_longitude": -87.70185671
    },
    {
      "index": 22,
      "month": "2008-3-01",
      "avg_latitude": 41.877975138,
      "avg_longitude": -87.638422171
    },
    {
      "index": 23,
      "month": "2008-4-01",
      "avg_latitude": 41.872375122,
      "avg_longitude": -87.639511518
    },
    {
      "index": 24,
      "month": "2008-5-01",
      "avg_latitude": 41.8223649425,
      "avg_longitude": -87.597555458
    },
    {
      "index": 25,
      "month": "2008-6-01",
      "avg_latitude": 41.74195679,
      "avg_longitude": -87.560153003
    },
    {
      "index": 26,
      "month": "2008-7-01",
      "avg_latitude": 41.947271124,
      "avg_longitude": -87.7496379555
    },
    {
      "index": 27,
      "month": "2008-8-01",
      "avg_latitude": 41.88180696,
      "avg_longitude": -87.629543115
    },
    {
      "index": 28,
      "month": "2008-9-01",
      "avg_latitude": 41.940422383,
      "avg_longitude": -87.6751909315
    },
    {
      "index": 29,
      "month": "2008-10-01",
      "avg_latitude": 41.8306487415,
      "avg_longitude": -87.6526156265
    },
    {
      "index": 30,
      "month": "2008-11-01",
      "avg_latitude": 41.8860606895,
      "avg_longitude": -87.6653576168
    },
    {
      "index": 31,
      "month": "2008-12-01",
      "avg_latitude": 41.90161074,
      "avg_longitude": -87.65109514
    },
    {
      "index": 32,
      "month": "2009-1-01",
      "avg_latitude": 41.85809188,
      "avg_longitude": -87.670623385
    },
    {
      "index": 33,
      "month": "2009-2-01",
      "avg_latitude": 41.8797969642,
      "avg_longitude": -87.703940514
    },
    {
      "index": 34,
      "month": "2009-3-01",
      "avg_latitude": 41.8458996075,
      "avg_longitude": -87.6198681085
    },
    {
      "index": 35,
      "month": "2009-4-01",
      "avg_latitude": 41.9278340085,
      "avg_longitude": -87.6612432455
    },
    {
      "index": 36,
      "month": "2009-5-01",
      "avg_latitude": 41.786291478,
      "avg_longitude": -87.6434744843
    },
    {
      "index": 37,
      "month": "2009-6-01",
      "avg_latitude": 41.8771179704,
      "avg_longitude": -87.6398834156
    },
    {
      "index": 38,
      "month": "2009-7-01",
      "avg_latitude": 41.8242388733,
      "avg_longitude": -87.681352854
    },
    {
      "index": 39,
      "month": "2009-8-01",
      "avg_latitude": 41.930475362,
      "avg_longitude": -87.654962896
    },
    {
      "index": 40,
      "month": "2009-10-01",
      "avg_latitude": 41.8727239027,
      "avg_longitude": -87.6288752253
    },
    {
      "index": 41,
      "month": "2009-11-01",
      "avg_latitude": 41.8693632334,
      "avg_longitude": -87.6752601259
    },
    {
      "index": 42,
      "month": "2009-12-01",
      "avg_latitude": 41.939421472,
      "avg_longitude": -87.691386249
    },
    {
      "index": 43,
      "month": "2010-1-01",
      "avg_latitude": 41.830204805,
      "avg_longitude": -87.6568860658
    },
    {
      "index": 44,
      "month": "2010-2-01",
      "avg_latitude": 41.960458581,
      "avg_longitude": -87.674607751
    },
    {
      "index": 45,
      "month": "2010-3-01",
      "avg_latitude": 41.7918217264,
      "avg_longitude": -87.6463960209
    },
    {
      "index": 46,
      "month": "2010-4-01",
      "avg_latitude": 41.926047856,
      "avg_longitude": -87.683209353
    },
    {
      "index": 47,
      "month": "2010-5-01",
      "avg_latitude": 41.9217833082,
      "avg_longitude": -87.6776204173
    },
    {
      "index": 48,
      "month": "2010-6-01",
      "avg_latitude": 41.8744581002,
      "avg_longitude": -87.6634845048
    },
    {
      "index": 49,
      "month": "2010-7-01",
      "avg_latitude": 41.9496214887,
      "avg_longitude": -87.7266595187
    },
    {
      "index": 50,
      "month": "2010-8-01",
      "avg_latitude": 41.882884832,
      "avg_longitude": -87.686205049
    },
    {
      "index": 51,
      "month": "2010-9-01",
      "avg_latitude": 41.8910658092,
      "avg_longitude": -87.7004135202
    },
    {
      "index": 52,
      "month": "2010-10-01",
      "avg_latitude": 41.869218068,
      "avg_longitude": -87.6755761188
    },
    {
      "index": 53,
      "month": "2010-11-01",
      "avg_latitude": 41.9289834833,
      "avg_longitude": -87.6874100703
    },
    {
      "index": 54,
      "month": "2010-12-01",
      "avg_latitude": 41.914889927,
      "avg_longitude": -87.665859464
    },
    {
      "index": 55,
      "month": "2011-1-01",
      "avg_latitude": 41.9133341945,
      "avg_longitude": -87.6702348498
    },
    {
      "index": 56,
      "month": "2011-2-01",
      "avg_latitude": 41.8706734873,
      "avg_longitude": -87.6620104467
    },
    {
      "index": 57,
      "month": "2011-3-01",
      "avg_latitude": 41.8838671017,
      "avg_longitude": -87.6652983968
    },
    {
      "index": 58,
      "month": "2011-4-01",
      "avg_latitude": 41.844322368,
      "avg_longitude": -87.6468471511
    },
    {
      "index": 59,
      "month": "2011-5-01",
      "avg_latitude": 41.8448648116,
      "avg_longitude": -87.6782508982
    },
    {
      "index": 60,
      "month": "2011-6-01",
      "avg_latitude": 41.8939683597,
      "avg_longitude": -87.7140470703
    },
    {
      "index": 61,
      "month": "2011-7-01",
      "avg_latitude": 41.9177149513,
      "avg_longitude": -87.6696915285
    },
    {
      "index": 62,
      "month": "2011-8-01",
      "avg_latitude": 41.9206491811,
      "avg_longitude": -87.672333168
    },
    {
      "index": 63,
      "month": "2011-9-01",
      "avg_latitude": 41.9206616354,
      "avg_longitude": -87.6630516638
    },
    {
      "index": 64,
      "month": "2011-10-01",
      "avg_latitude": 41.8393486902,
      "avg_longitude": -87.662697099
    },
    {
      "index": 65,
      "month": "2011-11-01",
      "avg_latitude": 41.8973247934,
      "avg_longitude": -87.6859787874
    },
    {
      "index": 66,
      "month": "2011-12-01",
      "avg_latitude": 41.8947817768,
      "avg_longitude": -87.684972005
    },
    {
      "index": 67,
      "month": "2012-1-01",
      "avg_latitude": 41.9268695418,
      "avg_longitude": -87.6665838477
    },
    {
      "index": 68,
      "month": "2012-2-01",
      "avg_latitude": 41.824554609,
      "avg_longitude": -87.6691747164
    },
    {
      "index": 69,
      "month": "2012-3-01",
      "avg_latitude": 41.900113276,
      "avg_longitude": -87.6650577697
    },
    {
      "index": 70,
      "month": "2012-4-01",
      "avg_latitude": 41.8924992606,
      "avg_longitude": -87.655485799
    },
    {
      "index": 71,
      "month": "2012-5-01",
      "avg_latitude": 41.896858747,
      "avg_longitude": -87.6885780429
    },
    {
      "index": 72,
      "month": "2012-6-01",
      "avg_latitude": 41.9207130433,
      "avg_longitude": -87.6713520519
    },
    {
      "index": 73,
      "month": "2012-7-01",
      "avg_latitude": 41.8872497215,
      "avg_longitude": -87.6893598649
    },
    {
      "index": 74,
      "month": "2012-8-01",
      "avg_latitude": 41.815294111,
      "avg_longitude": -87.650020002
    },
    {
      "index": 75,
      "month": "2012-9-01",
      "avg_latitude": 41.8458650904,
      "avg_longitude": -87.6511113301
    },
    {
      "index": 76,
      "month": "2012-10-01",
      "avg_latitude": 41.9371013738,
      "avg_longitude": -87.6791089274
    },
    {
      "index": 77,
      "month": "2012-11-01",
      "avg_latitude": 41.831805889,
      "avg_longitude": -87.628200853
    },
    {
      "index": 78,
      "month": "2012-12-01",
      "avg_latitude": 41.859472127,
      "avg_longitude": -87.6431482615
    },
    {
      "index": 79,
      "month": "2013-1-01",
      "avg_latitude": 41.8735604023,
      "avg_longitude": -87.6486077262
    },
    {
      "index": 80,
      "month": "2013-2-01",
      "avg_latitude": 41.9077197072,
      "avg_longitude": -87.6618790542
    },
    {
      "index": 81,
      "month": "2013-3-01",
      "avg_latitude": 41.8517976635,
      "avg_longitude": -87.6303208494
    },
    {
      "index": 82,
      "month": "2013-4-01",
      "avg_latitude": 41.8766694617,
      "avg_longitude": -87.6728028842
    },
    {
      "index": 83,
      "month": "2013-5-01",
      "avg_latitude": 41.8310031056,
      "avg_longitude": -87.7271022429
    },
    {
      "index": 84,
      "month": "2013-6-01",
      "avg_latitude": 41.805268546,
      "avg_longitude": -87.7354730591
    },
    {
      "index": 85,
      "month": "2013-7-01",
      "avg_latitude": 41.8320252408,
      "avg_longitude": -87.6999581028
    },
    {
      "index": 86,
      "month": "2013-8-01",
      "avg_latitude": 41.8843230131,
      "avg_longitude": -87.6794573365
    },
    {
      "index": 87,
      "month": "2013-9-01",
      "avg_latitude": 41.8526879779,
      "avg_longitude": -87.6770773536
    },
    {
      "index": 88,
      "month": "2013-10-01",
      "avg_latitude": 41.8910608443,
      "avg_longitude": -87.6650028523
    },
    {
      "index": 89,
      "month": "2013-11-01",
      "avg_latitude": 41.8784558262,
      "avg_longitude": -87.6561452151
    },
    {
      "index": 90,
      "month": "2013-12-01",
      "avg_latitude": 41.8551515809,
      "avg_longitude": -87.6605302104
    },
    {
      "index": 91,
      "month": "2014-1-01",
      "avg_latitude": 41.9323928391,
      "avg_longitude": -87.65109641
    },
    {
      "index": 92,
      "month": "2014-2-01",
      "avg_latitude": 41.9201676992,
      "avg_longitude": -87.6824033033
    },
    {
      "index": 93,
      "month": "2014-3-01",
      "avg_latitude": 41.9145646127,
      "avg_longitude": -87.6727785822
    },
    {
      "index": 94,
      "month": "2014-4-01",
      "avg_latitude": 41.8526064536,
      "avg_longitude": -87.6488042575
    },
    {
      "index": 95,
      "month": "2014-5-01",
      "avg_latitude": 41.8735396616,
      "avg_longitude": -87.6555666186
    },
    {
      "index": 96,
      "month": "2014-6-01",
      "avg_latitude": 41.8124164875,
      "avg_longitude": -87.7006123843
    },
    {
      "index": 97,
      "month": "2014-7-01",
      "avg_latitude": 41.9169269688,
      "avg_longitude": -87.7120705697
    },
    {
      "index": 98,
      "month": "2014-8-01",
      "avg_latitude": 41.8667146728,
      "avg_longitude": -87.675871272
    },
    {
      "index": 99,
      "month": "2014-9-01",
      "avg_latitude": 41.8484907294,
      "avg_longitude": -87.6586852326
    },
    {
      "index": 100,
      "month": "2014-10-01",
      "avg_latitude": 41.8690119673,
      "avg_longitude": -87.6630279067
    },
    {
      "index": 101,
      "month": "2014-11-01",
      "avg_latitude": 41.919842152,
      "avg_longitude": -87.6777389111
    },
    {
      "index": 102,
      "month": "2014-12-01",
      "avg_latitude": 41.8864988498,
      "avg_longitude": -87.6827059392
    },
    {
      "index": 103,
      "month": "2015-1-01",
      "avg_latitude": 41.8921619777,
      "avg_longitude": -87.6836591037
    },
    {
      "index": 104,
      "month": "2015-2-01",
      "avg_latitude": 41.8371091395,
      "avg_longitude": -87.6591385061
    },
    {
      "index": 105,
      "month": "2015-3-01",
      "avg_latitude": 41.9056563637,
      "avg_longitude": -87.7164025351
    },
    {
      "index": 106,
      "month": "2015-4-01",
      "avg_latitude": 41.8534824106,
      "avg_longitude": -87.6463982683
    },
    {
      "index": 107,
      "month": "2015-5-01",
      "avg_latitude": 41.8999875802,
      "avg_longitude": -87.6816130094
    },
    {
      "index": 108,
      "month": "2015-6-01",
      "avg_latitude": 41.9109502499,
      "avg_longitude": -87.6878913286
    },
    {
      "index": 109,
      "month": "2015-7-01",
      "avg_latitude": 41.8728447207,
      "avg_longitude": -87.6716880861
    },
    {
      "index": 110,
      "month": "2015-8-01",
      "avg_latitude": 41.8834254778,
      "avg_longitude": -87.6562078633
    },
    {
      "index": 111,
      "month": "2015-9-01",
      "avg_latitude": 41.8737710172,
      "avg_longitude": -87.6706354062
    },
    {
      "index": 112,
      "month": "2015-10-01",
      "avg_latitude": 41.8880162186,
      "avg_longitude": -87.6757353254
    },
    {
      "index": 113,
      "month": "2015-11-01",
      "avg_latitude": 41.8769214184,
      "avg_longitude": -87.6755374535
    },
    {
      "index": 114,
      "month": "2015-12-01",
      "avg_latitude": 41.8511718685,
      "avg_longitude": -87.6485091456
    },
    {
      "index": 115,
      "month": "2016-1-01",
      "avg_latitude": 41.8732183399,
      "avg_longitude": -87.66735591
    },
    {
      "index": 116,
      "month": "2016-2-01",
      "avg_latitude": 41.8507003767,
      "avg_longitude": -87.6760926419
    },
    {
      "index": 117,
      "month": "2016-3-01",
      "avg_latitude": 41.8677736087,
      "avg_longitude": -87.6739761393
    },
    {
      "index": 118,
      "month": "2016-4-01",
      "avg_latitude": 41.8631196141,
      "avg_longitude": -87.66538697
    },
    {
      "index": 119,
      "month": "2016-5-01",
      "avg_latitude": 41.8847741039,
      "avg_longitude": -87.6826072679
    },
    {
      "index": 120,
      "month": "2016-6-01",
      "avg_latitude": 41.8864693046,
      "avg_longitude": -87.6775312958
    },
    {
      "index": 121,
      "month": "2016-7-01",
      "avg_latitude": 41.8660344999,
      "avg_longitude": -87.6624673521
    },
    {
      "index": 122,
      "month": "2016-8-01",
      "avg_latitude": 41.8633412395,
      "avg_longitude": -87.6723745578
    },
    {
      "index": 123,
      "month": "2016-9-01",
      "avg_latitude": 41.9102864342,
      "avg_longitude": -87.6807025803
    },
    {
      "index": 124,
      "month": "2016-10-01",
      "avg_latitude": 41.8386555635,
      "avg_longitude": -87.6381064965
    },
    {
      "index": 125,
      "month": "2016-11-01",
      "avg_latitude": 41.9094163076,
      "avg_longitude": -87.7019625229
    },
    {
      "index": 126,
      "month": "2016-12-01",
      "avg_latitude": 41.8673412915,
      "avg_longitude": -87.6694109439
    },
    {
      "index": 127,
      "month": "2017-1-01",
      "avg_latitude": 41.8521997918,
      "avg_longitude": -87.6730719294
    },
    {
      "index": 128,
      "month": "2017-2-01",
      "avg_latitude": 41.9025701089,
      "avg_longitude": -87.6751056823
    },
    {
      "index": 129,
      "month": "2017-3-01",
      "avg_latitude": 41.8618690708,
      "avg_longitude": -87.6677871937
    },
    {
      "index": 130,
      "month": "2017-4-01",
      "avg_latitude": 41.8820279231,
      "avg_longitude": -87.6983204548
    },
    {
      "index": 131,
      "month": "2017-5-01",
      "avg_latitude": 41.8556743216,
      "avg_longitude": -87.6564599737
    },
    {
      "index": 132,
      "month": "2017-6-01",
      "avg_latitude": 41.8355546365,
      "avg_longitude": -87.6706976622
    },
    {
      "index": 133,
      "month": "2017-7-01",
      "avg_latitude": 41.8792362408,
      "avg_longitude": -87.6825805973
    },
    {
      "index": 134,
      "month": "2017-8-01",
      "avg_latitude": 41.9084724654,
      "avg_longitude": -87.7050414424
    },
    {
      "index": 135,
      "month": "2017-9-01",
      "avg_latitude": 41.8662426513,
      "avg_longitude": -87.6738381635
    },
    {
      "index": 136,
      "month": "2017-10-01",
      "avg_latitude": 41.8693051891,
      "avg_longitude": -87.6733561551
    },
    {
      "index": 137,
      "month": "2017-11-01",
      "avg_latitude": 41.9026126886,
      "avg_longitude": -87.7187221142
    },
    {
      "index": 138,
      "month": "2017-12-01",
      "avg_latitude": 41.8549576408,
      "avg_longitude": -87.6798885479
    },
    {
      "index": 139,
      "month": "2018-1-01",
      "avg_latitude": 41.8660446074,
      "avg_longitude": -87.6694485471
    },
    {
      "index": 140,
      "month": "2018-2-01",
      "avg_latitude": 41.7905171441,
      "avg_longitude": -87.6284211765
    },
    {
      "index": 141,
      "month": "2018-3-01",
      "avg_latitude": 41.8823833531,
      "avg_longitude": -87.6807105302
    },
    {
      "index": 142,
      "month": "2018-4-01",
      "avg_latitude": 41.8557267759,
      "avg_longitude": -87.661067357
    },
    {
      "index": 143,
      "month": "2018-5-01",
      "avg_latitude": 41.8523902695,
      "avg_longitude": -87.6559133734
    },
    {
      "index": 144,
      "month": "2018-6-01",
      "avg_latitude": 41.8342910144,
      "avg_longitude": -87.6586279013
    },
    {
      "index": 145,
      "month": "2018-7-01",
      "avg_latitude": 41.8614454948,
      "avg_longitude": -87.6661236713
    },
    {
      "index": 146,
      "month": "2018-8-01",
      "avg_latitude": 41.868350352,
      "avg_longitude": -87.6902493278
    },
    {
      "index": 147,
      "month": "2018-9-01",
      "avg_latitude": 41.8617195308,
      "avg_longitude": -87.6648919087
    },
    {
      "index": 148,
      "month": "2018-10-01",
      "avg_latitude": 41.8509592817,
      "avg_longitude": -87.6509968881
    },
    {
      "index": 149,
      "month": "2018-11-01",
      "avg_latitude": 41.8334745269,
      "avg_longitude": -87.6509564816
    },
    {
      "index": 150,
      "month": "2018-12-01",
      "avg_latitude": 41.8373469311,
      "avg_longitude": -87.677288225
    },
    {
      "index": 151,
      "month": "2019-1-01",
      "avg_latitude": 41.8530384394,
      "avg_longitude": -87.6707345401
    },
    {
      "index": 152,
      "month": "2019-2-01",
      "avg_latitude": 41.8209958538,
      "avg_longitude": -87.6411732671
    },
    {
      "index": 153,
      "month": "2019-3-01",
      "avg_latitude": 41.8018612114,
      "avg_longitude": -87.6428500944
    },
    {
      "index": 154,
      "month": "2019-4-01",
      "avg_latitude": 41.8638489049,
      "avg_longitude": -87.6851703905
    },
    {
      "index": 155,
      "month": "2019-5-01",
      "avg_latitude": 41.8921076191,
      "avg_longitude": -87.6795179679
    },
    {
      "index": 156,
      "month": "2019-6-01",
      "avg_latitude": 41.8510418707,
      "avg_longitude": -87.6552930103
    },
    {
      "index": 157,
      "month": "2019-7-01",
      "avg_latitude": 41.816262908,
      "avg_longitude": -87.6369117993
    },
    {
      "index": 158,
      "month": "2019-8-01",
      "avg_latitude": 41.8450965626,
      "avg_longitude": -87.6797583331
    },
    {
      "index": 159,
      "month": "2019-9-01",
      "avg_latitude": 41.8484153734,
      "avg_longitude": -87.6628257933
    },
    {
      "index": 160,
      "month": "2019-10-01",
      "avg_latitude": 41.8339432324,
      "avg_longitude": -87.6666186567
    },
    {
      "index": 161,
      "month": "2019-11-01",
      "avg_latitude": 41.8423269633,
      "avg_longitude": -87.6714331916
    },
    {
      "index": 162,
      "month": "2019-12-01",
      "avg_latitude": 41.8892772635,
      "avg_longitude": -87.6573391683
    },
    {
      "index": 163,
      "month": "2020-1-01",
      "avg_latitude": 41.851372871,
      "avg_longitude": -87.6428928407
    },
    {
      "index": 164,
      "month": "2020-2-01",
      "avg_latitude": 41.8745695397,
      "avg_longitude": -87.6727997679
    },
    {
      "index": 165,
      "month": "2020-3-01",
      "avg_latitude": 41.8904385987,
      "avg_longitude": -87.6682552567
    },
    {
      "index": 166,
      "month": "2020-4-01",
      "avg_latitude": 41.8482831412,
      "avg_longitude": -87.6814098403
    },
    {
      "index": 167,
      "month": "2020-5-01",
      "avg_latitude": 41.8528479084,
      "avg_longitude": -87.6716330864
    },
    {
      "index": 168,
      "month": "2020-6-01",
      "avg_latitude": 41.8658813633,
      "avg_longitude": -87.6893961296
    },
    {
      "index": 169,
      "month": "2020-7-01",
      "avg_latitude": 41.8656971218,
      "avg_longitude": -87.650307757
    },
    {
      "index": 170,
      "month": "2020-8-01",
      "avg_latitude": 41.9027917921,
      "avg_longitude": -87.6694116839
    },
    {
      "index": 171,
      "month": "2020-9-01",
      "avg_latitude": 41.8593503372,
      "avg_longitude": -87.6590607831
    },
    {
      "index": 172,
      "month": "2020-10-01",
      "avg_latitude": 41.917792062,
      "avg_longitude": -87.6786043047
    },
    {
      "index": 173,
      "month": "2020-11-01",
      "avg_latitude": 41.867546064,
      "avg_longitude": -87.6471266042
    },
    {
      "index": 174,
      "month": "2020-12-01",
      "avg_latitude": 41.8970488764,
      "avg_longitude": -87.6750388981
    },
    {
      "index": 175,
      "month": "2021-1-01",
      "avg_latitude": 41.8774427043,
      "avg_longitude": -87.6737423729
    },
    {
      "index": 176,
      "month": "2021-2-01",
      "avg_latitude": 41.8778542444,
      "avg_longitude": -87.6684126126
    },
    {
      "index": 177,
      "month": "2021-3-01",
      "avg_latitude": 41.8655743951,
      "avg_longitude": -87.6702802825
    },
    {
      "index": 178,
      "month": "2021-4-01",
      "avg_latitude": 41.8724489555,
      "avg_longitude": -87.6665141327
    }
  ]
}
